language,exercise,difficulty,core,unlocked_by
ruby,hello-world,1.0,False,
ruby,hamming,1.0,False,
ruby,gigasecond,1.0,False,
ruby,rna-transcription,1.0,False,
ruby,raindrops,1.0,False,
ruby,difference-of-squares,1.0,False,
ruby,pangram,1.0,False,
ruby,sieve,1.0,False,
ruby,roman-numerals,1.0,False,
ruby,nth-prime,1.0,False,
ruby,leap,1.0,False,
ruby,grains,1.0,False,
ruby,word-count,1.0,False,
ruby,bob,1.0,False,
ruby,run-length-encoding,1.0,False,
ruby,binary,1.0,False,
ruby,accumulate,1.0,False,
ruby,sum-of-multiples,1.0,False,
ruby,grade-school,1.0,False,
ruby,series,1.0,False,
ruby,phone-number,1.0,False,
ruby,prime-factors,1.0,False,
ruby,strain,1.0,False,
ruby,etl,1.0,False,
ruby,trinary,1.0,False,
ruby,beer-song,1.0,False,
ruby,bowling,1.0,False,
ruby,space-age,1.0,False,
ruby,anagram,1.0,False,
ruby,binary-search-tree,1.0,False,
ruby,crypto-square,1.0,False,
ruby,clock,1.0,False,
ruby,alphametics,1.0,False,
ruby,rail-fence-cipher,1.0,False,
ruby,acronym,1.0,False,
ruby,scrabble-score,1.0,False,
ruby,nucleotide-count,1.0,False,
ruby,flatten-array,1.0,False,
ruby,hexadecimal,1.0,False,
ruby,say,1.0,False,
ruby,meetup,1.0,False,
ruby,robot-name,6.0,False,
ruby,queen-attack,1.0,False,
ruby,palindrome-products,1.0,False,
ruby,bracket-push,1.0,False,
ruby,food-chain,1.0,False,
ruby,matrix,1.0,False,
ruby,saddle-points,1.0,False,
ruby,triangle,1.0,False,
ruby,atbash-cipher,1.0,False,
ruby,house,1.0,False,
ruby,secret-handshake,1.0,False,
ruby,proverb,1.0,False,
ruby,ocr-numbers,1.0,False,
ruby,pig-latin,1.0,False,
ruby,simple-linked-list,1.0,False,
ruby,luhn,1.0,False,
ruby,simple-cipher,1.0,False,
ruby,wordy,1.0,False,
ruby,allergies,1.0,False,
ruby,poker,1.0,False,
ruby,kindergarten-garden,1.0,False,
ruby,linked-list,1.0,False,
ruby,pythagorean-triplet,1.0,False,
ruby,robot-simulator,1.0,False,
ruby,twelve-days,1.0,False,
ruby,circular-buffer,1.0,False,
ruby,largest-series-product,1.0,False,
ruby,binary-search,1.0,False,
ruby,two-bucket,1.0,False,
ruby,pascals-triangle,1.0,False,
ruby,custom-set,1.0,False,
ruby,minesweeper,1.0,False,
ruby,scale-generator,1.0,False,
ruby,protein-translation,1.0,False,
ruby,perfect-numbers,1.0,False,
ruby,connect,1.0,False,
ruby,list-ops,1.0,False,
ruby,diamond,1.0,False,
ruby,all-your-base,1.0,False,
ruby,isogram,1.0,False,
ruby,transpose,1.0,False,
ruby,tournament,1.0,False,
ruby,dominoes,1.0,False,
ruby,collatz-conjecture,1.0,False,
ruby,rotational-cipher,1.0,False,
ruby,change,5.0,False,
ruby,two-fer,1.0,False,
ruby,octal,0.0,False,
ruby,point-mutations,0.0,False,
ruby,complex-numbers,3.0,False,
ruby,isbn-verifier,2.0,False,
ruby,book-store,6.0,False,
ruby,zipper,7.0,False,
java,hello-world,1.0,True,
java,two-fer,1.0,True,
java,reverse-string,1.0,False,two-fer
java,armstrong-numbers,2.0,False,
java,rna-transcription,2.0,False,
java,pangram,3.0,False,
java,hamming,3.0,True,
java,gigasecond,3.0,True,
java,space-age,3.0,False,
java,acronym,3.0,False,
java,scrabble-score,3.0,True,
java,raindrops,3.0,False,hello-world
java,difference-of-squares,3.0,True,
java,secret-handshake,3.0,True,
java,perfect-numbers,3.0,False,difference-of-squares
java,protein-translation,3.0,False,two-fer
java,proverb,4.0,False,two-fer
java,isbn-verifier,4.0,False,hamming
java,sum-of-multiples,4.0,False,difference-of-squares
java,luhn,4.0,False,hamming
java,matrix,4.0,True,
java,triangle,4.0,True,
java,largest-series-product,4.0,False,hamming
java,sieve,4.0,False,difference-of-squares
java,twelve-days,4.0,False,two-fer
java,rotational-cipher,4.0,True,
java,kindergarten-garden,4.0,False,matrix
java,collatz-conjecture,4.0,False,triangle
java,nth-prime,4.0,False,triangle
java,saddle-points,4.0,True,
java,error-handling,4.0,False,triangle
java,diamond,4.0,False,two-fer
java,isogram,4.0,False,hello-world
java,variable-length-quantity,4.0,False,secret-handshake
java,flatten-array,5.0,True,
java,pig-latin,5.0,False,hello-world
java,phone-number,5.0,False,hamming
java,nucleotide-count,5.0,False,hamming
java,word-count,5.0,True,
java,run-length-encoding,5.0,False,rotational-cipher
java,robot-name,5.0,True,
java,prime-factors,5.0,False,triangle
java,allergies,5.0,False,gigasecond
java,bob,5.0,False,two-fer
java,pascals-triangle,5.0,False,matrix
java,bracket-push,5.0,False,flatten-array
java,series,5.0,False,hamming
java,atbash-cipher,5.0,False,rotational-cipher
java,grep,5.0,False,robot-name
java,alphametics,6.0,False,secret-handshake
java,spiral-matrix,6.0,False,matrix
java,roman-numerals,6.0,False,hamming
java,transpose,6.0,False,matrix
java,house,6.0,False,two-fer
java,food-chain,6.0,False,two-fer
java,beer-song,6.0,False,two-fer
java,queen-attack,6.0,False,scrabble-score
java,etl,6.0,False,word-count
java,grade-school,6.0,False,word-count
java,robot-simulator,6.0,False,secret-handshake
java,binary-search,6.0,True,
java,minesweeper,6.0,False,scrabble-score
java,wordy,6.0,False,secret-handshake
java,all-your-base,6.0,False,saddle-points
java,bank-account,6.0,True,
java,bowling,6.0,False,scrabble-score
java,linked-list,6.0,True,
java,tournament,6.0,False,matrix
java,parallel-letter-frequency,6.0,False,bank-account
java,rail-fence-cipher,6.0,False,rotational-cipher
java,two-bucket,7.0,False,triangle
java,anagram,7.0,False,hello-world
java,sublist,7.0,False,linked-list
java,word-search,7.0,False,scrabble-score
java,simple-linked-list,7.0,False,linked-list
java,binary-search-tree,7.0,False,binary-search
java,meetup,7.0,False,gigasecond
java,crypto-square,7.0,False,rotational-cipher
java,markdown,7.0,False,scrabble-score
java,poker,7.0,False,scrabble-score
java,clock,7.0,False,saddle-points
java,zipper,7.0,False,linked-list
java,go-counting,7.0,False,scrabble-score
java,dominoes,7.0,False,scrabble-score
java,ocr-numbers,8.0,False,robot-name
java,circular-buffer,8.0,False,linked-list
java,rectangles,8.0,False,robot-name
java,book-store,8.0,False,flatten-array
java,diffie-hellman,8.0,False,linked-list
java,simple-cipher,8.0,False,rotational-cipher
java,complex-numbers,8.0,False,triangle
java,rational-numbers,8.0,False,triangle
java,list-ops,8.0,False,linked-list
java,change,8.0,False,flatten-array
java,palindrome-products,8.0,False,saddle-points
java,pythagorean-triplet,9.0,False,triangle
java,forth,9.0,False,secret-handshake
java,custom-set,10.0,False,linked-list
java,accumulate,0.0,False,
java,binary,0.0,False,
java,hexadecimal,0.0,False,
java,octal,0.0,False,
java,strain,0.0,False,
java,trinary,0.0,False,
coffeescript,hello-world,1.0,False,
coffeescript,bob,5.0,False,
coffeescript,word-count,3.0,False,
coffeescript,accumulate,3.0,False,
coffeescript,binary,2.0,False,
coffeescript,anagram,2.0,False,
coffeescript,trinary,3.0,False,
coffeescript,hexadecimal,3.0,False,
coffeescript,triangle,2.0,False,
coffeescript,luhn,2.0,False,
coffeescript,binary-search-tree,5.0,False,
coffeescript,nth-prime,4.0,False,
coffeescript,palindrome-products,2.0,False,
coffeescript,queen-attack,1.0,False,
coffeescript,wordy,4.0,False,
coffeescript,clock,3.0,False,
coffeescript,beer-song,2.0,False,
coffeescript,atbash-cipher,5.0,False,
coffeescript,linked-list,3.0,False,
coffeescript,pascals-triangle,2.0,False,
coffeescript,nucleotide-count,2.0,False,
elixir,hello-world,1.0,True,
elixir,nucleotide-count,2.0,False,
elixir,secret-handshake,2.0,False,
elixir,rotational-cipher,2.0,False,
elixir,strain,2.0,False,
elixir,protein-translation,2.0,False,
elixir,pig-latin,2.0,False,
elixir,space-age,2.0,False,
elixir,bob,2.0,True,
elixir,twelve-days,3.0,False,
elixir,word-count,2.0,True,
elixir,accumulate,2.0,False,
elixir,acronym,2.0,False,
elixir,series,2.0,False,
elixir,raindrops,2.0,False,
elixir,run-length-encoding,2.0,False,
elixir,sublist,2.0,False,
elixir,scrabble-score,2.0,False,
elixir,sum-of-multiples,2.0,False,
elixir,pangram,2.0,False,
elixir,simple-linked-list,1.0,False,
elixir,anagram,2.0,False,
elixir,matrix,3.0,False,
elixir,bracket-push,3.0,False,
elixir,rna-transcription,2.0,True,
elixir,phone-number,3.0,False,
elixir,nth-prime,2.0,False,
elixir,roman-numerals,2.0,True,
elixir,all-your-base,2.0,False,
elixir,hamming,2.0,False,
elixir,triangle,2.0,False,
elixir,beer-song,3.0,True,
elixir,isogram,3.0,False,
elixir,grade-school,3.0,False,
elixir,tournament,4.0,False,
elixir,list-ops,4.0,True,
elixir,flatten-array,3.0,False,
elixir,leap,3.0,False,
elixir,kindergarten-garden,3.0,False,
elixir,etl,2.0,False,
elixir,meetup,4.0,False,
elixir,grains,3.0,False,
elixir,change,3.0,False,
elixir,parallel-letter-frequency,4.0,False,
elixir,binary,3.0,False,
elixir,scale-generator,5.0,False,
elixir,luhn,5.0,False,
elixir,markdown,5.0,True,
elixir,gigasecond,3.0,False,
elixir,queen-attack,7.0,False,
elixir,pascals-triangle,3.0,False,
elixir,saddle-points,5.0,False,
elixir,hexadecimal,3.0,False,
elixir,diamond,5.0,False,
elixir,binary-search,3.0,True,
elixir,binary-search-tree,3.0,False,
elixir,prime-factors,3.0,False,
elixir,perfect-numbers,3.0,False,
elixir,diffie-hellman,4.0,False,
elixir,sieve,5.0,False,
elixir,wordy,6.0,False,
elixir,robot-simulator,6.0,True,
elixir,atbash-cipher,3.0,False,
elixir,simple-cipher,3.0,False,
elixir,bank-account,7.0,True,
elixir,largest-series-product,4.0,False,
elixir,crypto-square,4.0,False,
elixir,pythagorean-triplet,5.0,False,
elixir,allergies,4.0,False,
elixir,palindrome-products,5.0,False,
elixir,rail-fence-cipher,6.0,False,
elixir,zipper,8.0,True,
elixir,minesweeper,7.0,False,
elixir,connect,7.0,False,
elixir,difference-of-squares,4.0,False,
elixir,poker,7.0,False,
elixir,bowling,8.0,True,
elixir,dot-dsl,8.0,False,
elixir,custom-set,5.0,False,
elixir,forth,10.0,True,
elixir,clock,5.0,True,
elixir,grep,1.0,False,
elixir,say,3.0,False,
elixir,ocr-numbers,6.0,False,
elixir,collatz-conjecture,2.0,False,
elixir,dominoes,4.0,False,
elixir,transpose,5.0,False,
elixir,isbn-verifier,3.0,False,
elixir,spiral-matrix,4.0,False,
elixir,alphametics,5.0,False,
elixir,two-fer,1.0,False,
elixir,armstrong-numbers,2.0,False,
javascript,hello-world,1.0,True,
javascript,two-fer,1.0,False,hello-world
javascript,leap,1.0,True,
javascript,reverse-string,2.0,False,leap
javascript,rna-transcription,1.0,True,
javascript,simple-cipher,1.0,True,
javascript,pangram,2.0,True,
javascript,bob,2.0,True,
javascript,gigasecond,2.0,True,
javascript,space-age,3.0,True,
javascript,binary,4.0,True,
javascript,prime-factors,4.0,True,
javascript,matrix,4.0,True,
javascript,linked-list,5.0,True,
javascript,pascals-triangle,5.0,True,
javascript,secret-handshake,6.0,True,
javascript,rotational-cipher,6.0,False,secret-handshake
javascript,grade-school,6.0,True,
javascript,robot-name,6.0,True,
javascript,wordy,7.0,True,
javascript,list-ops,8.0,True,
javascript,rational-numbers,5.0,False,pascals-triangle
javascript,hamming,2.0,False,rna-transcription
javascript,run-length-encoding,2.0,False,
javascript,isogram,2.0,False,pangram
javascript,beer-song,5.0,False,bob
javascript,phone-number,3.0,False,pangram
javascript,anagram,1.0,False,pangram
javascript,food-chain,4.0,False,bob
javascript,etl,2.0,False,rna-transcription
javascript,sublist,4.0,False,linked-list
javascript,grains,5.0,False,space-age
javascript,triangle,3.0,False,leap
javascript,clock,5.0,False,gigasecond
javascript,perfect-numbers,3.0,False,space-age
javascript,word-count,1.0,False,pangram
javascript,acronym,2.0,False,pangram
javascript,scrabble-score,5.0,False,rna-transcription
javascript,roman-numerals,3.0,False,
javascript,circular-buffer,8.0,False,linked-list
javascript,raindrops,2.0,False,rna-transcription
javascript,allergies,6.0,False,rna-transcription
javascript,strain,4.0,False,list-ops
javascript,atbash-cipher,7.0,False,simple-cipher
javascript,accumulate,5.0,False,list-ops
javascript,crypto-square,9.0,False,simple-cipher
javascript,trinary,4.0,False,binary
javascript,sieve,5.0,False,prime-factors
javascript,octal,4.0,False,binary
javascript,luhn,4.0,False,space-age
javascript,pig-latin,4.0,False,bob
javascript,pythagorean-triplet,5.0,False,space-age
javascript,series,3.0,False,pangram
javascript,difference-of-squares,3.0,False,space-age
javascript,proverb,4.0,False,bob
javascript,flatten-array,1.0,False,list-ops
javascript,hexadecimal,4.0,False,binary
javascript,largest-series-product,7.0,False,pangram
javascript,kindergarten-garden,7.0,False,wordy
javascript,binary-search,7.0,False,linked-list
javascript,binary-search-tree,6.0,False,linked-list
javascript,robot-simulator,5.0,False,wordy
javascript,nth-prime,5.0,False,prime-factors
javascript,palindrome-products,7.0,False,prime-factors
javascript,say,6.0,False,bob
javascript,custom-set,6.0,False,linked-list
javascript,sum-of-multiples,5.0,False,prime-factors
javascript,queen-attack,8.0,False,
javascript,saddle-points,6.0,False,matrix
javascript,ocr-numbers,5.0,False,matrix
javascript,meetup,7.0,False,gigasecond
javascript,bracket-push,3.0,False,pangram
javascript,two-bucket,6.0,False,grade-school
javascript,bowling,8.0,False,grade-school
javascript,diamond,5.0,False,pascals-triangle
javascript,all-your-base,5.0,False,binary
javascript,minesweeper,7.0,False,
javascript,alphametics,7.0,False,grade-school
javascript,simple-linked-list,8.0,False,linked-list
javascript,diffie-hellman,3.0,False,simple-cipher
javascript,change,8.0,False,prime-factors
javascript,connect,7.0,False,grade-school
javascript,collatz-conjecture,1.0,False,
javascript,nucleotide-count,0.0,False,
javascript,point-mutations,0.0,False,
javascript,twelve-days,4.0,False,bob
javascript,transpose,1.0,False,matrix
javascript,protein-translation,1.0,False,
javascript,zipper,8.0,False,
javascript,isbn-verifier,4.0,False,bob
javascript,forth,8.0,False,matrix
javascript,variable-length-quantity,5.0,False,grade-school
javascript,rectangles,6.0,False,grade-school
javascript,armstrong-numbers,2.0,False,
clojure,hello-world,1.0,False,
clojure,armstrong-numbers,1.0,False,
clojure,two-fer,1.0,False,
clojure,reverse-string,1.0,False,
clojure,bob,1.0,False,
clojure,rna-transcription,1.0,False,
clojure,run-length-encoding,1.0,False,
clojure,isbn-verifier,1.0,False,
clojure,word-count,1.0,False,
clojure,anagram,1.0,False,
clojure,say,1.0,False,
clojure,beer-song,1.0,False,
clojure,collatz-conjecture,1.0,False,
clojure,series,1.0,False,
clojure,nucleotide-count,1.0,False,
clojure,hamming,1.0,False,
clojure,phone-number,1.0,False,
clojure,clock,1.0,False,
clojure,grade-school,1.0,False,
clojure,complex-numbers,1.0,False,
clojure,robot-name,1.0,False,
clojure,leap,1.0,False,
clojure,etl,1.0,False,
clojure,flatten-array,1.0,False,
clojure,sublist,1.0,False,
clojure,binary-search,1.0,False,
clojure,perfect-numbers,1.0,False,
clojure,meetup,1.0,False,
clojure,space-age,1.0,False,
clojure,grains,1.0,False,
clojure,gigasecond,1.0,False,
clojure,triangle,1.0,False,
clojure,scrabble-score,1.0,False,
clojure,roman-numerals,1.0,False,
clojure,binary,1.0,False,
clojure,trinary,1.0,False,
clojure,spiral-matrix,1.0,False,
clojure,prime-factors,1.0,False,
clojure,raindrops,1.0,False,
clojure,allergies,1.0,False,
clojure,octal,1.0,False,
clojure,strain,1.0,False,
clojure,atbash-cipher,1.0,False,
clojure,bank-account,1.0,False,
clojure,crypto-square,1.0,False,
clojure,pascals-triangle,1.0,False,
clojure,sum-of-multiples,1.0,False,
clojure,sieve,1.0,False,
clojure,luhn,1.0,False,
clojure,kindergarten-garden,1.0,False,
clojure,robot-simulator,1.0,False,
clojure,queen-attack,1.0,False,
clojure,accumulate,1.0,False,
clojure,binary-search-tree,1.0,False,
clojure,difference-of-squares,1.0,False,
clojure,hexadecimal,1.0,False,
clojure,all-your-base,1.0,False,
clojure,largest-series-product,1.0,False,
clojure,pov,1.0,False,
clojure,bracket-push,1.0,False,
clojure,minesweeper,1.0,False,
clojure,change,1.0,False,
clojure,pangram,1.0,False,
clojure,wordy,1.0,False,
clojure,isogram,1.0,False,
clojure,acronym,1.0,False,
clojure,nth-prime,1.0,False,
clojure,pig-latin,1.0,False,
clojure,secret-handshake,1.0,False,
clojure,rotational-cipher,1.0,False,
clojure,diamond,1.0,False,
clojure,protein-translation,1.0,False,
clojure,proverb,1.0,False,
clojure,poker,1.0,False,
clojure,dominoes,1.0,False,
go,gigasecond,1.0,False,
go,bob,2.0,False,
go,acronym,3.0,False,
go,hello-world,1.0,True,
go,space-age,2.0,False,hello-world
go,two-fer,1.0,True,
go,hamming,1.0,True,
go,raindrops,1.0,True,
go,scrabble-score,1.0,True,
go,isogram,2.0,True,
go,reverse-string,2.0,False,isogram
go,difference-of-squares,2.0,True,
go,luhn,2.0,True,
go,grains,2.0,True,
go,clock,3.0,True,
go,parallel-letter-frequency,3.0,True,
go,tree-building,3.0,True,
go,robot-name,3.0,True,
go,tournament,3.0,True,
go,twelve-days,4.0,True,
go,matrix,4.0,True,
go,sublist,3.0,False,matrix
go,error-handling,5.0,True,
go,flatten-array,3.0,False,error-handling
go,bank-account,4.0,True,
go,paasio,5.0,False,bank-account
go,leap,1.0,False,two-fer
go,accumulate,1.0,False,raindrops
go,triangle,3.0,False,two-fer
go,secret-handshake,5.0,False,grains
go,house,4.0,False,twelve-days
go,pascals-triangle,4.0,False,tournament
go,series,3.0,False,parallel-letter-frequency
go,queen-attack,5.0,False,matrix
go,etl,1.0,False,scrabble-score
go,sum-of-multiples,5.0,False,difference-of-squares
go,pythagorean-triplet,5.0,False,difference-of-squares
go,pangram,2.0,False,isogram
go,crypto-square,3.0,False,luhn
go,food-chain,4.0,False,twelve-days
go,largest-series-product,3.0,False,difference-of-squares
go,sieve,3.0,False,grains
go,palindrome-products,6.0,False,robot-name
go,scale-generator,3.0,False,
go,protein-translation,3.0,False,scrabble-score
go,perfect-numbers,4.0,False,grains
go,bracket-push,7.0,False,tree-building
go,anagram,3.0,False,isogram
go,word-count,3.0,False,isogram
go,allergies,4.0,False,grains
go,rail-fence-cipher,4.0,False,tree-building
go,rna-transcription,2.0,False,hamming
go,roman-numerals,2.0,False,raindrops
go,say,7.0,False,robot-name
go,circular-buffer,5.0,False,error-handling
go,diamond,4.0,False,tournament
go,react,9.0,False,bank-account
go,custom-set,4.0,False,error-handling
go,atbash-cipher,3.0,False,luhn
go,phone-number,3.0,False,clock
go,strain,2.0,False,raindrops
go,pig-latin,4.0,False,clock
go,prime-factors,3.0,False,clock
go,armstrong-numbers,3.0,False,clock
go,transpose,5.0,False,matrix
go,nth-prime,3.0,False,difference-of-squares
go,diffie-hellman,5.0,False,luhn
go,beer-song,3.0,False,twelve-days
go,ocr-numbers,7.0,False,tournament
go,wordy,3.0,False,robot-name
go,nucleotide-count,2.0,False,hamming
go,grade-school,5.0,False,bank-account
go,saddle-points,5.0,False,matrix
go,meetup,3.0,False,clock
go,simple-linked-list,4.0,False,error-handling
go,linked-list,4.0,False,tree-building
go,binary-search,5.0,False,tree-building
go,binary-search-tree,5.0,False,tree-building
go,kindergarten-garden,3.0,False,tournament
go,simple-cipher,3.0,False,luhn
go,pov,7.0,False,tree-building
go,minesweeper,5.0,False,matrix
go,robot-simulator,6.0,False,bank-account
go,word-search,4.0,False,matrix
go,all-your-base,3.0,False,grains
go,connect,9.0,False,matrix
go,ledger,4.0,False,tree-building
go,markdown,4.0,False,twelve-days
go,yacht,4.0,False,tournament
go,poker,5.0,False,tournament
go,variable-length-quantity,5.0,False,grains
go,forth,8.0,False,bank-account
go,change,5.0,False,bank-account
go,bowling,5.0,False,tournament
go,run-length-encoding,4.0,False,isogram
go,collatz-conjecture,1.0,False,
go,spiral-matrix,4.0,False,matrix
go,book-store,8.0,False,error-handling
go,rotational-cipher,2.0,False,luhn
go,proverb,4.0,False,two-fer
go,isbn-verifier,2.0,False,difference-of-squares
go,zebra-puzzle,6.0,False,bank-account
go,dominoes,4.0,False,error-handling
go,alphametics,5.0,False,error-handling
go,two-bucket,5.0,False,tree-building
go,grep,4.0,False,hamming
go,rectangles,4.0,False,tournament
go,list-ops,3.0,False,
go,binary,0.0,False,
go,counter,0.0,False,
go,hexadecimal,0.0,False,
go,octal,0.0,False,
go,trinary,0.0,False,
haskell,hello-world,1.0,False,
haskell,leap,1.0,False,
haskell,space-age,1.0,False,
haskell,bob,1.0,False,
haskell,pangram,1.0,False,
haskell,collatz-conjecture,1.0,False,
haskell,rna-transcription,1.0,False,
haskell,sum-of-multiples,1.0,False,
haskell,difference-of-squares,1.0,False,
haskell,grains,2.0,False,
haskell,acronym,2.0,False,
haskell,perfect-numbers,2.0,False,
haskell,hamming,2.0,False,
haskell,nucleotide-count,2.0,False,
haskell,grade-school,2.0,False,
haskell,isogram,2.0,False,
haskell,diamond,2.0,False,
haskell,etl,2.0,False,
haskell,raindrops,2.0,False,
haskell,accumulate,3.0,False,
haskell,strain,3.0,False,
haskell,phone-number,3.0,False,
haskell,twelve-days,3.0,False,
haskell,isbn-verifier,3.0,False,
haskell,run-length-encoding,3.0,False,
haskell,beer-song,3.0,False,
haskell,triangle,3.0,False,
haskell,scrabble-score,3.0,False,
haskell,kindergarten-garden,3.0,False,
haskell,complex-numbers,3.0,False,
haskell,robot-simulator,3.0,False,
haskell,secret-handshake,3.0,False,
haskell,protein-translation,3.0,False,
haskell,anagram,4.0,False,
haskell,simple-linked-list,4.0,False,
haskell,list-ops,4.0,False,
haskell,meetup,4.0,False,
haskell,roman-numerals,4.0,False,
haskell,prime-factors,4.0,False,
haskell,allergies,4.0,False,
haskell,all-your-base,4.0,False,
haskell,largest-series-product,4.0,False,
haskell,clock,4.0,False,
haskell,matrix,4.0,False,
haskell,house,4.0,False,
haskell,pascals-triangle,4.0,False,
haskell,pythagorean-triplet,4.0,False,
haskell,saddle-points,4.0,False,
haskell,series,4.0,False,
haskell,sieve,4.0,False,
haskell,atbash-cipher,5.0,False,
haskell,bracket-push,5.0,False,
haskell,crypto-square,5.0,False,
haskell,nth-prime,5.0,False,
haskell,word-count,5.0,False,
haskell,binary-search-tree,5.0,False,
haskell,luhn,5.0,False,
haskell,queen-attack,5.0,False,
haskell,ocr-numbers,5.0,False,
haskell,food-chain,5.0,False,
haskell,rotational-cipher,5.0,False,
haskell,spiral-matrix,5.0,False,
haskell,custom-set,5.0,False,
haskell,parallel-letter-frequency,5.0,False,
haskell,transpose,5.0,False,
haskell,simple-cipher,6.0,False,
haskell,palindrome-products,6.0,False,
haskell,robot-name,6.0,False,
haskell,pig-latin,6.0,False,
haskell,say,6.0,False,
haskell,bank-account,6.0,False,
haskell,sublist,6.0,False,
haskell,rail-fence-cipher,6.0,False,
haskell,linked-list,6.0,False,
haskell,zebra-puzzle,7.0,False,
haskell,minesweeper,7.0,False,
haskell,wordy,7.0,False,
haskell,change,7.0,False,
haskell,alphametics,7.0,False,
haskell,bowling,7.0,False,
haskell,poker,7.0,False,
haskell,connect,8.0,False,
haskell,dominoes,8.0,False,
haskell,sgf-parsing,9.0,False,
haskell,go-counting,9.0,False,
haskell,lens-person,9.0,False,
haskell,zipper,10.0,False,
haskell,forth,10.0,False,
haskell,pov,10.0,False,
haskell,binary,0.0,False,
haskell,gigasecond,0.0,False,
haskell,hexadecimal,0.0,False,
haskell,octal,0.0,False,
haskell,trinary,0.0,False,
objective-c,hello-world,1.0,False,
objective-c,two-fer,1.0,False,
objective-c,bob,1.0,False,
objective-c,leap,1.0,False,
objective-c,gigasecond,1.0,False,
objective-c,difference-of-squares,1.0,False,
objective-c,reverse-string,1.0,False,
objective-c,sum-of-multiples,1.0,False,
objective-c,space-age,1.0,False,
objective-c,hamming,2.0,False,
objective-c,nucleotide-count,2.0,False,
objective-c,raindrops,2.0,False,
objective-c,grade-school,2.0,False,
objective-c,etl,2.0,False,
objective-c,isogram,2.0,False,
objective-c,flatten-array,2.0,False,
objective-c,prime-factors,2.0,False,
objective-c,sublist,3.0,False,
objective-c,clock,3.0,False,
objective-c,triangle,3.0,False,
objective-c,robot-name,3.0,False,
objective-c,scrabble-score,3.0,False,
objective-c,phone-number,3.0,False,
objective-c,perfect-numbers,3.0,False,
objective-c,secret-handshake,3.0,False,
objective-c,atbash-cipher,3.0,False,
objective-c,sieve,3.0,False,
objective-c,collatz-conjecture,3.0,False,
objective-c,series,3.0,False,
objective-c,strain,3.0,False,
objective-c,beer-song,4.0,False,
objective-c,word-count,4.0,False,
objective-c,allergies,4.0,False,
objective-c,meetup,4.0,False,
objective-c,anagram,4.0,False,
objective-c,acronym,4.0,False,
objective-c,all-your-base,4.0,False,
objective-c,largest-series-product,4.0,False,
objective-c,pangram,4.0,False,
objective-c,transpose,4.0,False,
objective-c,binary-search,4.0,False,
objective-c,crypto-square,4.0,False,
objective-c,pascals-triangle,4.0,False,
objective-c,say,4.0,False,
objective-c,bracket-push,5.0,False,
objective-c,roman-numerals,5.0,False,
objective-c,run-length-encoding,5.0,False,
objective-c,luhn,5.0,False,
objective-c,rna-transcription,2.0,False,
objective-c,grains,3.0,False,
objective-c,nth-prime,4.0,False,
ocaml,hello-world,1.0,False,
ocaml,leap,1.0,False,
ocaml,hamming,2.0,False,
ocaml,raindrops,2.0,False,
ocaml,difference-of-squares,2.0,False,
ocaml,rna-transcription,2.0,False,
ocaml,nucleotide-count,2.0,False,
ocaml,etl,3.0,False,
ocaml,grade-school,3.0,False,
ocaml,bob,3.0,False,
ocaml,anagram,3.0,False,
ocaml,space-age,3.0,False,
ocaml,triangle,3.0,False,
ocaml,pangram,3.0,False,
ocaml,acronym,3.0,False,
ocaml,all-your-base,4.0,False,
ocaml,bracket-push,4.0,False,
ocaml,luhn,4.0,False,
ocaml,binary-search,4.0,False,
ocaml,phone-number,4.0,False,
ocaml,word-count,4.0,False,
ocaml,beer-song,4.0,False,
ocaml,run-length-encoding,5.0,False,
ocaml,roman-numerals,5.0,False,
ocaml,prime-factors,5.0,False,
ocaml,say,5.0,False,
ocaml,palindrome-products,6.0,False,
ocaml,robot-name,6.0,False,
ocaml,change,6.0,False,
ocaml,rectangles,6.0,False,
ocaml,list-ops,6.0,False,
ocaml,atbash-cipher,7.0,False,
ocaml,minesweeper,7.0,False,
ocaml,bowling,7.0,False,
ocaml,dominoes,7.0,False,
ocaml,custom-set,8.0,False,
ocaml,connect,8.0,False,
ocaml,meetup,9.0,False,
ocaml,forth,9.0,False,
ocaml,zipper,10.0,False,
ocaml,react,10.0,False,
ocaml,hangman,10.0,False,
ocaml,hexadecimal,0.0,False,
perl5,hello-world,1.0,False,
perl5,bob,1.0,False,
perl5,leap,1.0,False,
perl5,grains,1.0,False,
perl5,raindrops,1.0,False,
perl5,hamming,1.0,False,
perl5,etl,1.0,False,
perl5,scrabble-score,1.0,False,
perl5,word-count,1.0,False,
perl5,anagram,1.0,False,
perl5,difference-of-squares,1.0,False,
perl5,proverb,1.0,False,
perl5,space-age,1.0,False,
perl5,roman-numerals,1.0,False,
perl5,clock,1.0,False,
perl5,prime-factors,1.0,False,
perl5,triangle,1.0,False,
perl5,beer-song,1.0,False,
perl5,phone-number,1.0,False,
perl5,robot-name,1.0,False,
perl5,atbash-cipher,1.0,False,
perl5,accumulate,1.0,False,
perl5,crypto-square,1.0,False,
perl5,trinary,1.0,False,
perl5,rna-transcription,1.0,False,
perl5,allergies,1.0,False,
perl5,simple-cipher,1.0,False,
perl5,series,1.0,False,
perl5,luhn,1.0,False,
perl5,house,1.0,False,
perl5,gigasecond,1.0,False,
perl5,strain,1.0,False,
perl5,pig-latin,1.0,False,
perl5,linked-list,1.0,False,
perl5,list-ops,1.0,False,
perl5,wordy,1.0,False,
perl5,largest-series-product,1.0,False,
perl5,hexadecimal,1.0,False,
perl5,secret-handshake,1.0,False,
perl5,kindergarten-garden,1.0,False,
perl5,nucleotide-count,1.0,False,
perl5,binary-search,1.0,False,
perl5,matrix,1.0,False,
perl5,pascals-triangle,1.0,False,
perl5,say,1.0,False,
perl5,grade-school,1.0,False,
perl5,meetup,1.0,False,
perl5,queen-attack,1.0,False,
perl5,ocr-numbers,1.0,False,
perl5,palindrome-products,1.0,False,
perl5,twelve-days,1.0,False,
perl5,binary-search-tree,1.0,False,
perl5,sum-of-multiples,1.0,False,
perl5,sieve,1.0,False,
perl5,food-chain,1.0,False,
perl5,pythagorean-triplet,1.0,False,
perl5,saddle-points,1.0,False,
perl5,robot-simulator,1.0,False,
perl5,minesweeper,1.0,False,
perl5,custom-set,1.0,False,
perl5,simple-linked-list,1.0,False,
perl5,sublist,1.0,False,
perl5,all-your-base,1.0,False,
perl5,binary,0.0,False,
perl5,point-mutations,0.0,False,
python,hello-world,1.0,True,
python,leap,1.0,True,
python,reverse-string,1.0,False,
python,isogram,1.0,False,two-fer
python,pangram,1.0,False,hello-world
python,rna-transcription,1.0,False,
python,isbn-verifier,1.0,False,bob
python,hamming,1.0,False,hello-world
python,word-count,3.0,False,bob
python,gigasecond,1.0,False,
python,bob,1.0,True,
python,yacht,1.0,False,
python,run-length-encoding,1.0,False,markdown
python,meetup,1.0,False,list-ops
python,armstrong-numbers,1.0,False,sum-of-multiples
python,rotational-cipher,1.0,False,bob
python,difference-of-squares,1.0,False,leap
python,anagram,1.0,False,bob
python,allergies,1.0,True,
python,series,1.0,False,sum-of-multiples
python,robot-simulator,1.0,False,clock
python,sieve,1.0,False,binary-search
python,atbash-cipher,1.0,False,grade-school
python,sum-of-multiples,1.0,True,
python,acronym,1.0,False,two-fer
python,say,1.0,False,kindergarten-garden
python,largest-series-product,1.0,False,leap
python,kindergarten-garden,1.0,True,
python,grade-school,1.0,True,
python,flatten-array,1.0,False,grade-school
python,roman-numerals,1.0,False,list-ops
python,space-age,1.0,False,
python,grains,1.0,False,leap
python,luhn,1.0,False,markdown
python,etl,1.0,False,grade-school
python,prime-factors,1.0,False,leap
python,pig-latin,1.0,False,book-store
python,simple-cipher,1.0,False,list-ops
python,scrabble-score,1.0,False,sum-of-multiples
python,crypto-square,1.0,False,allergies
python,sublist,1.0,False,grade-school
python,pythagorean-triplet,1.0,False,leap
python,circular-buffer,1.0,False,markdown
python,robot-name,1.0,False,hello-world
python,matrix,1.0,False,kindergarten-garden
python,rail-fence-cipher,1.0,False,book-store
python,nth-prime,1.0,False,book-store
python,saddle-points,1.0,True,
python,beer-song,1.0,False,bob
python,perfect-numbers,1.0,False,leap
python,secret-handshake,1.0,False,sum-of-multiples
python,twelve-days,1.0,False,bob
python,palindrome-products,1.0,False,saddle-points
python,bracket-push,1.0,False,bob
python,minesweeper,1.0,False,kindergarten-garden
python,queen-attack,1.0,False,clock
python,wordy,1.0,False,kindergarten-garden
python,phone-number,1.0,False,sum-of-multiples
python,ocr-numbers,1.0,False,kindergarten-garden
python,house,1.0,False,allergies
python,triangle,1.0,False,leap
python,dot-dsl,5.0,False,clock
python,transpose,1.0,False,markdown
python,tree-building,3.0,False,allergies
python,poker,1.0,False,kindergarten-garden
python,zebra-puzzle,1.0,False,book-store
python,rectangles,1.0,False,kindergarten-garden
python,binary-search,1.0,True,
python,list-ops,1.0,True,
python,book-store,1.0,True,
python,simple-linked-list,1.0,False,clock
python,linked-list,3.0,False,clock
python,rational-numbers,5.0,False,
python,diamond,1.0,False,saddle-points
python,variable-length-quantity,1.0,False,allergies
python,all-your-base,4.0,False,list-ops
python,clock,2.0,True,
python,grep,4.0,False,markdown
python,bowling,5.0,False,markdown
python,word-search,6.0,False,markdown
python,alphametics,6.0,False,book-store
python,tournament,1.0,False,kindergarten-garden
python,scale-generator,3.0,False,kindergarten-garden
python,protein-translation,3.0,False,two-fer
python,change,4.0,False,binary-search
python,two-fer,1.0,True,
python,connect,1.0,False,kindergarten-garden
python,collatz-conjecture,1.0,False,sum-of-multiples
python,go-counting,4.0,False,saddle-points
python,complex-numbers,6.0,False,leap
python,diffie-hellman,7.0,False,book-store
python,two-bucket,5.0,False,saddle-points
python,markdown,3.0,True,
python,forth,5.0,False,markdown
python,food-chain,4.0,False,allergies
python,zipper,8.0,False,markdown
python,error-handling,3.0,False,bob
python,dominoes,7.0,False,binary-search
python,pov,9.0,False,markdown
python,react,8.0,False,saddle-points
python,binary-search-tree,4.0,False,grade-school
python,custom-set,5.0,False,book-store
python,spiral-matrix,2.0,False,saddle-points
python,sgf-parsing,7.0,False,
python,bank-account,4.0,False,
python,ledger,5.0,False,markdown
python,accumulate,0.0,False,
python,nucleotide-count,0.0,False,
python,octal,0.0,False,
python,pascals-triangle,0.0,False,
python,point-mutations,0.0,False,
python,proverb,0.0,False,
python,raindrops,0.0,False,
python,strain,0.0,False,
python,trinary,0.0,False,
python,binary,0.0,False,
python,hexadecimal,0.0,False,
python,parallel-letter-frequency,0.0,False,
scala,hello-world,1.0,True,
scala,sum-of-multiples,1.0,True,
scala,leap,1.0,True,
scala,bob,1.0,True,
scala,space-age,1.0,True,
scala,grade-school,2.0,True,
scala,accumulate,2.0,True,
scala,flatten-array,2.0,False,accumulate
scala,collatz-conjecture,2.0,False,leap
scala,armstrong-numbers,2.0,False,leap
scala,hamming,3.0,True,
scala,etl,3.0,True,
scala,perfect-numbers,3.0,True,
scala,secret-handshake,3.0,True,
scala,robot-simulator,3.0,True,
scala,matrix,4.0,True,
scala,book-store,5.0,True,
scala,gigasecond,1.0,False,
scala,difference-of-squares,1.0,False,
scala,pangram,2.0,False,
scala,raindrops,2.0,False,accumulate
scala,phone-number,3.0,False,hamming
scala,strain,3.0,False,hamming
scala,robot-name,3.0,False,hello-world
scala,grains,3.0,False,hamming
scala,scrabble-score,3.0,False,accumulate
scala,rna-transcription,3.0,False,hamming
scala,triangle,3.0,False,leap
scala,binary-search,3.0,False,hamming
scala,sieve,3.0,False,sum-of-multiples
scala,isogram,3.0,False,sum-of-multiples
scala,clock,3.0,False,space-age
scala,protein-translation,3.0,False,accumulate
scala,beer-song,3.0,False,hello-world
scala,house,4.0,False,hello-world
scala,series,4.0,False,accumulate
scala,word-count,4.0,False,grade-school
scala,anagram,4.0,False,sum-of-multiples
scala,nucleotide-count,4.0,False,grade-school
scala,meetup,4.0,False,space-age
scala,prime-factors,4.0,False,leap
scala,allergies,4.0,False,perfect-numbers
scala,all-your-base,4.0,False,accumulate
scala,kindergarten-garden,4.0,False,accumulate
scala,largest-series-product,4.0,False,accumulate
scala,pascals-triangle,4.0,False,leap
scala,pythagorean-triplet,4.0,False,robot-simulator
scala,saddle-points,4.0,False,perfect-numbers
scala,acronym,4.0,False,accumulate
scala,run-length-encoding,5.0,False,accumulate
scala,roman-numerals,5.0,False,accumulate
scala,simple-linked-list,5.0,False,hamming
scala,atbash-cipher,5.0,False,accumulate
scala,simple-cipher,5.0,False,hamming
scala,bank-account,5.0,False,robot-simulator
scala,crypto-square,5.0,False,etl
scala,bracket-push,5.0,False,hello-world
scala,queen-attack,5.0,False,hamming
scala,luhn,5.0,False,accumulate
scala,food-chain,5.0,False,hello-world
scala,linked-list,5.0,False,hamming
scala,spiral-matrix,5.0,False,leap
scala,custom-set,5.0,False,accumulate
scala,parallel-letter-frequency,5.0,False,grade-school
scala,nth-prime,6.0,False,leap
scala,palindrome-products,6.0,False,sum-of-multiples
scala,ocr-numbers,6.0,False,accumulate
scala,pig-latin,6.0,False,accumulate
scala,binary-search-tree,6.0,False,hamming
scala,rail-fence-cipher,6.0,False,accumulate
scala,bowling,6.0,False,etl
scala,dominoes,7.0,False,hamming
scala,sublist,7.0,False,hamming
scala,minesweeper,7.0,False,accumulate
scala,wordy,7.0,False,perfect-numbers
scala,change,7.0,False,perfect-numbers
scala,connect,8.0,False,book-store
scala,zebra-puzzle,8.0,False,book-store
scala,say,8.0,False,hamming
scala,alphametics,9.0,False,grade-school
scala,sgf-parsing,9.0,False,accumulate
scala,lens-person,9.0,False,grade-school
scala,variable-length-quantity,9.0,False,accumulate
scala,zipper,10.0,False,accumulate
scala,forth,10.0,False,leap
scala,binary,0.0,False,
scala,hexadecimal,0.0,False,
scala,octal,0.0,False,
scala,trinary,0.0,False,
erlang,hello-world,1.0,True,
erlang,leap,1.0,True,
erlang,accumulate,1.0,True,
erlang,collatz-conjecture,1.0,True,
erlang,raindrops,1.0,True,
erlang,rna-transcription,2.0,True,
erlang,bob,2.0,True,
erlang,strain,2.0,True,
erlang,hamming,2.0,True,
erlang,space-age,2.0,True,
erlang,secret-handshake,1.0,False,raindrops
erlang,grains,2.0,False,
erlang,isogram,2.0,False,
erlang,pangram,2.0,False,
erlang,nucleotide-count,2.0,False,
erlang,difference-of-squares,2.0,False,hello-world
erlang,triangle,2.0,False,leap
erlang,sum-of-multiples,3.0,False,collatz-conjecture
erlang,perfect-numbers,2.0,False,collatz-conjecture
erlang,armstrong-numbers,2.0,False,collatz-conjecture
erlang,anagram,3.0,False,accumulate
erlang,atbash-cipher,3.0,False,hamming
erlang,phone-number,3.0,False,space-age
erlang,isbn-verifier,3.0,False,strain
erlang,bracket-push,3.0,False,
erlang,gigasecond,3.0,False,bob
erlang,scrabble-score,3.0,False,rna-transcription
erlang,two-fer,3.0,False,raindrops
erlang,robot-simulator,4.0,False,space-age
erlang,grade-school,4.0,False,bob
erlang,word-count,4.0,False,hamming
erlang,clock,4.0,False,strain
erlang,allergies,4.0,False,raindrops
erlang,all-your-base,4.0,False,rna-transcription
erlang,series,4.0,False,hello-world
erlang,parallel-letter-frequency,4.0,False,collatz-conjecture
erlang,roman-numerals,4.0,False,leap
erlang,sieve,4.0,False,accumulate
erlang,largest-series-product,5.0,False,bob
erlang,complex-numbers,5.0,False,leap
erlang,rotational-cipher,5.0,False,space-age
erlang,etl,6.0,False,hamming
erlang,bank-account,6.0,False,raindrops
erlang,luhn,6.0,False,strain
erlang,custom-set,6.0,False,hello-world
erlang,meetup,6.0,False,accumulate
erlang,pascals-triangle,6.0,False,collatz-conjecture
erlang,circular-buffer,7.0,False,hamming
erlang,minesweeper,7.0,False,accumulate
erlang,beer-song,7.0,False,leap
erlang,zipper,8.0,False,bob
erlang,spiral-matrix,8.0,False,rna-transcription
common-lisp,hello-world,1.0,True,
common-lisp,acronym,1.0,False,
common-lisp,hamming,1.0,True,
common-lisp,sublist,1.0,False,
common-lisp,leap,1.0,True,
common-lisp,grains,1.0,False,
common-lisp,gigasecond,1.0,False,
common-lisp,bob,1.0,True,
common-lisp,rna-transcription,1.0,True,
common-lisp,robot-name,2.0,False,
common-lisp,word-count,2.0,True,
common-lisp,raindrops,1.0,False,
common-lisp,grade-school,2.0,False,
common-lisp,phone-number,2.0,False,
common-lisp,etl,1.0,False,
common-lisp,beer-song,2.0,True,
common-lisp,space-age,1.0,False,
common-lisp,anagram,1.0,True,
common-lisp,nucleotide-count,1.0,False,
common-lisp,collatz-conjecture,1.0,False,
common-lisp,perfect-numbers,1.0,False,
common-lisp,isogram,1.0,False,
common-lisp,meetup,3.0,False,
common-lisp,triangle,1.0,False,
common-lisp,difference-of-squares,1.0,False,
common-lisp,roman-numerals,1.0,True,
common-lisp,scrabble-score,1.0,False,
common-lisp,binary,1.0,False,
common-lisp,allergies,1.0,False,
common-lisp,sieve,1.0,True,
common-lisp,strain,1.0,False,
common-lisp,atbash-cipher,2.0,False,
common-lisp,prime-factors,2.0,False,
common-lisp,crypto-square,3.0,False,
common-lisp,trinary,1.0,False,
common-lisp,pascals-triangle,1.0,False,
php,hello-world,1.0,False,
php,hamming,2.0,False,
php,gigasecond,2.0,False,
php,bob,4.0,False,
php,run-length-encoding,1.0,False,
php,pangram,4.0,False,
php,rna-transcription,3.0,False,
php,raindrops,6.0,False,
php,isogram,4.0,False,
php,difference-of-squares,2.0,False,
php,largest-series-product,5.0,False,
php,roman-numerals,4.0,False,
php,sieve,1.0,False,
php,pig-latin,4.0,False,
php,robot-name,3.0,False,
php,leap,1.0,False,
php,word-count,1.0,False,
php,anagram,1.0,False,
php,trinary,1.0,False,
php,bowling,1.0,False,
php,clock,1.0,False,
php,wordy,1.0,False,
php,connect,1.0,False,
php,minesweeper,1.0,False,
php,change,1.0,False,
php,phone-number,1.0,False,
php,beer-song,1.0,False,
php,atbash-cipher,1.0,False,
php,bracket-push,1.0,False,
php,binary,1.0,False,
php,accumulate,1.0,False,
php,variable-length-quantity,1.0,False,
php,acronym,1.0,False,
php,nucleotide-count,1.0,False,
php,triangle,1.0,False,
php,etl,1.0,False,
php,space-age,1.0,False,
php,allergies,3.0,False,
php,markdown,3.0,False,
php,grains,3.0,False,
php,robot-simulator,3.0,False,
php,ocr-numbers,3.0,False,
php,book-store,3.0,False,
php,queen-attack,2.0,False,
php,scrabble-score,2.0,False,
php,grade-school,6.0,False,
php,luhn,4.0,False,
php,perfect-numbers,1.0,False,
php,sum-of-multiples,2.0,False,
php,pascals-triangle,3.0,False,
php,nth-prime,3.0,False,
php,binary-search,3.0,False,
php,prime-factors,3.0,False,
php,flatten-array,2.0,False,
php,collatz-conjecture,1.0,False,
php,crypto-square,1.0,False,
php,series,1.0,False,
php,transpose,1.0,False,
php,meetup,1.0,False,
php,all-your-base,1.0,False,
php,rail-fence-cipher,1.0,False,
rust,hello-world,1.0,True,
rust,gigasecond,1.0,False,hello-world
rust,leap,1.0,False,hello-world
rust,raindrops,1.0,False,hello-world
rust,reverse-string,1.0,False,hello-world
rust,nth-prime,1.0,False,hello-world
rust,bob,1.0,False,hello-world
rust,beer-song,1.0,False,hello-world
rust,proverb,1.0,False,hello-world
rust,difference-of-squares,1.0,False,hello-world
rust,sum-of-multiples,1.0,False,hello-world
rust,grains,1.0,False,hello-world
rust,pythagorean-triplet,1.0,True,
rust,prime-factors,1.0,False,hello-world
rust,series,1.0,False,pythagorean-triplet
rust,armstrong-numbers,1.0,False,hello-world
rust,collatz-conjecture,1.0,False,pythagorean-triplet
rust,diffie-hellman,1.0,False,pythagorean-triplet
rust,saddle-points,4.0,True,
rust,isogram,4.0,False,saddle-points
rust,say,4.0,False,saddle-points
rust,run-length-encoding,4.0,False,saddle-points
rust,isbn-verifier,4.0,False,saddle-points
rust,perfect-numbers,4.0,False,saddle-points
rust,clock,4.0,True,
rust,hamming,4.0,False,saddle-points
rust,simple-linked-list,4.0,False,clock
rust,pascals-triangle,4.0,False,clock
rust,scrabble-score,4.0,False,saddle-points
rust,pangram,4.0,False,saddle-points
rust,nucleotide-count,4.0,False,clock
rust,luhn,4.0,True,
rust,largest-series-product,4.0,False,luhn
rust,word-count,4.0,False,luhn
rust,atbash-cipher,4.0,True,
rust,crypto-square,4.0,False,atbash-cipher
rust,rotational-cipher,4.0,False,atbash-cipher
rust,simple-cipher,4.0,False,atbash-cipher
rust,etl,4.0,False,clock
rust,accumulate,4.0,False,luhn
rust,acronym,4.0,False,clock
rust,sieve,4.0,False,clock
rust,rna-transcription,4.0,False,clock
rust,triangle,4.0,False,clock
rust,roman-numerals,4.0,False,luhn
rust,all-your-base,4.0,False,saddle-points
rust,grade-school,4.0,False,clock
rust,binary-search,4.0,False,clock
rust,robot-simulator,4.0,False,clock
rust,bracket-push,4.0,True,
rust,luhn-from,4.0,False,bracket-push
rust,queen-attack,4.0,False,clock
rust,bowling,4.0,False,clock
rust,sublist,4.0,True,
rust,space-age,4.0,True,
rust,luhn-trait,4.0,False,space-age
rust,macros,4.0,True,
rust,allergies,4.0,False,saddle-points
rust,variable-length-quantity,4.0,False,saddle-points
rust,phone-number,4.0,False,luhn
rust,wordy,4.0,False,space-age
rust,tournament,4.0,False,clock
rust,custom-set,4.0,False,sublist
rust,alphametics,4.0,False,clock
rust,two-bucket,4.0,False,clock
rust,pig-latin,4.0,False,saddle-points
rust,diamond,4.0,False,luhn
rust,spiral-matrix,4.0,False,clock
rust,palindrome-products,4.0,False,clock
rust,poker,7.0,True,
rust,decimal,7.0,False,poker
rust,anagram,7.0,True,
rust,protein-translation,7.0,False,anagram
rust,robot-name,7.0,False,anagram
rust,book-store,7.0,False,poker
rust,ocr-numbers,10.0,False,anagram
rust,minesweeper,10.0,True,
rust,dominoes,10.0,False,poker
rust,parallel-letter-frequency,10.0,True,
rust,rectangles,10.0,False,minesweeper
rust,forth,10.0,True,
rust,circular-buffer,10.0,False,minesweeper
rust,react,10.0,False,anagram
rust,two-fer,1.0,False,
rust,nucleotide-codons,0.0,False,
rust,hexadecimal,0.0,False,
csharp,hello-world,1.0,True,
csharp,reverse-string,1.0,False,
csharp,leap,1.0,True,
csharp,bob,1.0,True,
csharp,sum-of-multiples,1.0,True,
csharp,raindrops,2.0,True,
csharp,two-fer,1.0,True,
csharp,nucleotide-count,2.0,True,
csharp,accumulate,2.0,True,
csharp,grade-school,2.0,True,
csharp,collatz-conjecture,2.0,False,sum-of-multiples
csharp,armstrong-numbers,2.0,False,sum-of-multiples
csharp,rational-numbers,4.0,False,leap
csharp,kindergarten-garden,3.0,True,
csharp,clock,3.0,True,
csharp,binary-search,3.0,True,
csharp,allergies,4.0,True,
csharp,saddle-points,4.0,True,
csharp,markdown,5.0,True,
csharp,book-store,5.0,True,
csharp,gigasecond,1.0,False,
csharp,rna-transcription,1.0,False,
csharp,space-age,1.0,False,
csharp,difference-of-squares,1.0,False,leap
csharp,hamming,2.0,False,hello-world
csharp,grains,2.0,False,leap
csharp,pangram,2.0,False,hello-world
csharp,etl,2.0,False,nucleotide-count
csharp,phone-number,3.0,False,sum-of-multiples
csharp,strain,3.0,False,raindrops
csharp,scrabble-score,3.0,False,sum-of-multiples
csharp,proverb,3.0,False,raindrops
csharp,robot-name,3.0,False,hello-world
csharp,protein-translation,3.0,False,two-fer
csharp,error-handling,3.0,False,bob
csharp,perfect-numbers,3.0,False,leap
csharp,triangle,3.0,False,leap
csharp,beer-song,3.0,False,raindrops
csharp,sieve,3.0,False,raindrops
csharp,queen-attack,3.0,False,clock
csharp,robot-simulator,3.0,False,clock
csharp,isogram,3.0,False,two-fer
csharp,secret-handshake,3.0,False,sum-of-multiples
csharp,bank-account,4.0,False,clock
csharp,acronym,4.0,False,two-fer
csharp,simple-linked-list,4.0,False,clock
csharp,matrix,4.0,False,kindergarten-garden
csharp,rotational-cipher,4.0,False,bob
csharp,largest-series-product,4.0,False,leap
csharp,house,4.0,False,raindrops
csharp,pythagorean-triplet,4.0,False,leap
csharp,series,4.0,False,sum-of-multiples
csharp,twelve-days,4.0,False,bob
csharp,anagram,4.0,False,bob
csharp,word-count,4.0,False,bob
csharp,prime-factors,4.0,False,leap
csharp,meetup,4.0,False,accumulate
csharp,all-your-base,4.0,False,accumulate
csharp,pascals-triangle,4.0,False,accumulate
csharp,isbn-verifier,4.0,False,bob
csharp,list-ops,5.0,False,grade-school
csharp,simple-cipher,5.0,False,accumulate
csharp,roman-numerals,5.0,False,accumulate
csharp,flatten-array,5.0,False,grade-school
csharp,binary-search-tree,5.0,False,grade-school
csharp,minesweeper,5.0,False,kindergarten-garden
csharp,parallel-letter-frequency,5.0,False,nucleotide-count
csharp,atbash-cipher,5.0,False,grade-school
csharp,food-chain,5.0,False,allergies
csharp,grep,5.0,False,markdown
csharp,sublist,5.0,False,grade-school
csharp,tree-building,5.0,False,allergies
csharp,scale-generator,5.0,False,kindergarten-garden
csharp,bracket-push,5.0,False,bob
csharp,linked-list,5.0,False,clock
csharp,crypto-square,5.0,False,allergies
csharp,ledger,5.0,False,allergies
csharp,custom-set,5.0,False,book-store
csharp,dot-dsl,5.0,False,clock
csharp,ocr-numbers,5.0,False,kindergarten-garden
csharp,circular-buffer,5.0,False,markdown
csharp,luhn,5.0,False,markdown
csharp,run-length-encoding,5.0,False,markdown
csharp,spiral-matrix,5.0,False,kindergarten-garden
csharp,yacht,5.0,False,bob
csharp,tournament,6.0,False,kindergarten-garden
csharp,word-search,6.0,False,markdown
csharp,bowling,6.0,False,markdown
csharp,transpose,6.0,False,markdown
csharp,nth-prime,6.0,False,book-store
csharp,pig-latin,6.0,False,book-store
csharp,rail-fence-cipher,6.0,False,book-store
csharp,change,6.0,False,binary-search
csharp,palindrome-products,6.0,False,saddle-points
csharp,complex-numbers,6.0,False,leap
csharp,poker,7.0,False,kindergarten-garden
csharp,diffie-hellman,7.0,False,book-store
csharp,dominoes,7.0,False,binary-search
csharp,rectangles,7.0,False,kindergarten-garden
csharp,wordy,7.0,False,kindergarten-garden
csharp,zebra-puzzle,8.0,False,book-store
csharp,hangman,8.0,False,saddle-points
csharp,diamond,8.0,False,saddle-points
csharp,two-bucket,8.0,False,saddle-points
csharp,connect,8.0,False,kindergarten-garden
csharp,say,8.0,False,kindergarten-garden
csharp,react,9.0,False,saddle-points
csharp,variable-length-quantity,9.0,False,allergies
csharp,go-counting,9.0,False,saddle-points
csharp,sgf-parsing,9.0,False,kindergarten-garden
csharp,zipper,10.0,False,markdown
csharp,alphametics,10.0,False,nucleotide-count
csharp,forth,10.0,False,markdown
csharp,pov,10.0,False,markdown
csharp,binary,0.0,False,
csharp,trinary,0.0,False,
csharp,octal,0.0,False,
csharp,hexadecimal,0.0,False,
perl6,hello-world,1.0,True,
perl6,two-fer,1.0,False,hello-world
perl6,leap,2.0,True,
perl6,bob,3.0,True,
perl6,nucleotide-count,3.0,True,
perl6,pangram,2.0,True,
perl6,clock,3.0,True,
perl6,raindrops,3.0,True,
perl6,phone-number,4.0,True,
perl6,allergies,5.0,True,
perl6,hamming,3.0,False,nucleotide-count
perl6,rna-transcription,2.0,False,nucleotide-count
perl6,etl,3.0,False,raindrops
perl6,wordy,6.0,False,
perl6,scrabble-score,5.0,False,
perl6,luhn,5.0,False,leap
perl6,meetup,5.0,False,phone-number
perl6,word-count,4.0,False,pangram
perl6,flatten-array,4.0,False,
perl6,grade-school,4.0,False,
perl6,accumulate,2.0,False,
perl6,grains,3.0,False,
perl6,all-your-base,6.0,True,
perl6,anagram,4.0,False,pangram
perl6,robot-name,6.0,True,
perl6,atbash-cipher,5.0,False,
perl6,space-age,4.0,False,
perl6,linked-list,6.0,False,
perl6,acronym,3.0,False,
perl6,roman-numerals,5.0,False,
perl6,binary,0.0,False,
perl6,trinary,0.0,False,
cpp,hello-world,1.0,True,
cpp,leap,1.0,True,
cpp,gigasecond,2.0,True,
cpp,hamming,3.0,False,hello-world
cpp,bob,5.0,False,raindrops
cpp,anagram,5.0,False,pangram
cpp,etl,3.0,False,pangram
cpp,word-count,5.0,False,raindrops
cpp,difference-of-squares,3.0,False,leap
cpp,nucleotide-count,3.0,False,hello-world
cpp,food-chain,7.0,False,grains
cpp,phone-number,5.0,False,grains
cpp,grade-school,3.0,False,hello-world
cpp,robot-name,5.0,False,gigasecond
cpp,sum-of-multiples,3.0,False,gigasecond
cpp,space-age,1.0,True,
cpp,meetup,5.0,False,space-age
cpp,scrabble-score,3.0,False,
cpp,triangle,3.0,True,
cpp,grains,2.0,True,
cpp,raindrops,2.0,True,
cpp,roman-numerals,7.0,False,grains
cpp,binary,3.0,False,
cpp,prime-factors,5.0,False,gigasecond
cpp,crypto-square,7.0,False,raindrops
cpp,trinary,3.0,False,triangle
cpp,rna-transcription,3.0,False,hello-world
cpp,say,10.0,False,leap
cpp,sieve,5.0,False,leap
cpp,series,5.0,False,grains
cpp,clock,5.0,False,space-age
cpp,beer-song,7.0,False,space-age
cpp,nth-prime,5.0,False,leap
cpp,hexadecimal,3.0,False,
cpp,queen-attack,5.0,False,leap
cpp,allergies,3.0,False,gigasecond
cpp,atbash-cipher,3.0,False,triangle
cpp,bracket-push,3.0,False,pangram
cpp,pangram,2.0,True,
d,hello-world,1.0,False,
d,leap,1.0,False,
d,gigasecond,1.0,False,
d,rna-transcription,2.0,False,
d,raindrops,1.0,False,
d,bob,2.0,False,
d,etl,2.0,False,
d,hamming,2.0,False,
d,nucleotide-count,3.0,False,
d,robot-name,3.0,False,
d,difference-of-squares,2.0,False,
d,roman-numerals,3.0,False,
d,series,3.0,False,
d,triangle,2.0,False,
d,crypto-square,3.0,False,
d,circular-buffer,4.0,False,
d,pangram,1.0,False,
d,react,10.0,False,
ecmascript,point-mutations,0.0,False,
ecmascript,forth,8.0,False,matrix
ecmascript,hello-world,1.0,True,
ecmascript,leap,1.0,True,
ecmascript,reverse-string,2.0,False,leap
ecmascript,rna-transcription,1.0,True,
ecmascript,simple-cipher,1.0,True,
ecmascript,pangram,2.0,True,
ecmascript,bob,2.0,True,
ecmascript,gigasecond,2.0,True,
ecmascript,space-age,3.0,True,
ecmascript,binary,4.0,True,
ecmascript,prime-factors,4.0,True,
ecmascript,matrix,4.0,True,
ecmascript,linked-list,5.0,True,
ecmascript,pascals-triangle,5.0,True,
ecmascript,secret-handshake,6.0,True,
ecmascript,grade-school,6.0,True,
ecmascript,robot-name,6.0,True,
ecmascript,wordy,7.0,True,
ecmascript,list-ops,8.0,True,
ecmascript,two-fer,1.0,False,hello-world
ecmascript,hamming,2.0,False,rna-transcription
ecmascript,isogram,2.0,False,pangram
ecmascript,beer-song,5.0,False,bob
ecmascript,phone-number,3.0,False,pangram
ecmascript,anagram,1.0,False,pangram
ecmascript,food-chain,4.0,False,bob
ecmascript,etl,2.0,False,rna-transcription
ecmascript,sublist,4.0,False,linked-list
ecmascript,word-search,8.0,False,linked-list
ecmascript,grains,5.0,False,space-age
ecmascript,triangle,3.0,False,leap
ecmascript,collatz-conjecture,3.0,False,leap
ecmascript,clock,5.0,False,gigasecond
ecmascript,perfect-numbers,3.0,False,space-age
ecmascript,word-count,1.0,False,pangram
ecmascript,run-length-encoding,2.0,False,
ecmascript,acronym,2.0,False,pangram
ecmascript,scrabble-score,5.0,False,rna-transcription
ecmascript,roman-numerals,3.0,False,
ecmascript,circular-buffer,8.0,False,linked-list
ecmascript,react,8.0,False,
ecmascript,raindrops,2.0,False,rna-transcription
ecmascript,allergies,6.0,False,rna-transcription
ecmascript,strain,4.0,False,list-ops
ecmascript,atbash-cipher,7.0,False,simple-cipher
ecmascript,accumulate,5.0,False,list-ops
ecmascript,crypto-square,9.0,False,simple-cipher
ecmascript,trinary,4.0,False,binary
ecmascript,sieve,5.0,False,prime-factors
ecmascript,octal,4.0,False,binary
ecmascript,luhn,4.0,False,space-age
ecmascript,pig-latin,4.0,False,bob
ecmascript,pythagorean-triplet,5.0,False,space-age
ecmascript,series,3.0,False,pangram
ecmascript,difference-of-squares,3.0,False,space-age
ecmascript,proverb,4.0,False,bob
ecmascript,flatten-array,5.0,False,list-ops
ecmascript,hexadecimal,4.0,False,binary
ecmascript,largest-series-product,7.0,False,pangram
ecmascript,kindergarten-garden,7.0,False,wordy
ecmascript,house,4.0,False,bob
ecmascript,binary-search,7.0,False,linked-list
ecmascript,binary-search-tree,6.0,False,linked-list
ecmascript,robot-simulator,5.0,False,wordy
ecmascript,nth-prime,5.0,False,prime-factors
ecmascript,palindrome-products,7.0,False,prime-factors
ecmascript,say,6.0,False,bob
ecmascript,custom-set,6.0,False,linked-list
ecmascript,sum-of-multiples,5.0,False,prime-factors
ecmascript,queen-attack,8.0,False,
ecmascript,saddle-points,6.0,False,matrix
ecmascript,ocr-numbers,5.0,False,matrix
ecmascript,meetup,7.0,False,gigasecond
ecmascript,bracket-push,3.0,False,pangram
ecmascript,two-bucket,6.0,False,grade-school
ecmascript,bowling,8.0,False,grade-school
ecmascript,diamond,5.0,False,pascals-triangle
ecmascript,all-your-base,5.0,False,binary
ecmascript,minesweeper,7.0,False,
ecmascript,alphametics,7.0,False,grade-school
ecmascript,simple-linked-list,8.0,False,linked-list
ecmascript,connect,7.0,False,grade-school
ecmascript,diffie-hellman,3.0,False,simple-cipher
ecmascript,change,8.0,False,prime-factors
ecmascript,twelve-days,4.0,False,bob
ecmascript,complex-numbers,4.0,False,space-age
ecmascript,isbn-verifier,4.0,False,bob
ecmascript,transpose,1.0,False,matrix
ecmascript,protein-translation,1.0,False,
ecmascript,spiral-matrix,4.0,False,matrix
ecmascript,rectangles,4.0,False,matrix
ecmascript,rotational-cipher,2.0,False,simple-cipher
ecmascript,nucleotide-count,4.0,False,rna-transcription
ecmascript,armstrong-numbers,2.0,False,
ecmascript,rational-numbers,5.0,False,pascals-triangle
fsharp,hello-world,1.0,True,
fsharp,leap,1.0,True,
fsharp,bob,1.0,True,
fsharp,sum-of-multiples,1.0,True,
fsharp,two-fer,1.0,True,
fsharp,space-age,1.0,True,
fsharp,raindrops,2.0,True,
fsharp,accumulate,2.0,True,
fsharp,grade-school,2.0,True,
fsharp,collatz-conjecture,2.0,False,sum-of-multiples
fsharp,armstrong-numbers,2.0,False,sum-of-multiples
fsharp,beer-song,3.0,True,
fsharp,queen-attack,3.0,True,
fsharp,kindergarten-garden,3.0,True,
fsharp,clock,3.0,True,
fsharp,robot-simulator,3.0,True,
fsharp,allergies,4.0,True,
fsharp,ocr-numbers,5.0,True,
fsharp,tree-building,5.0,True,
fsharp,binary-search-tree,5.0,False,two-fer
fsharp,pig-latin,6.0,True,
fsharp,difference-of-squares,1.0,False,
fsharp,gigasecond,1.0,False,
fsharp,reverse-string,1.0,False,
fsharp,rna-transcription,1.0,False,
fsharp,grains,2.0,False,leap
fsharp,hamming,2.0,False,hello-world
fsharp,nucleotide-count,2.0,False,grade-school
fsharp,pangram,2.0,False,hello-world
fsharp,etl,2.0,False,grade-school
fsharp,triangle,3.0,False,space-age
fsharp,robot-name,3.0,False,hello-world
fsharp,error-handling,3.0,False,space-age
fsharp,scrabble-score,3.0,False,clock
fsharp,proverb,3.0,False,bob
fsharp,protein-translation,3.0,False,sum-of-multiples
fsharp,strain,3.0,False,raindrops
fsharp,isogram,3.0,False,hello-world
fsharp,sieve,3.0,False,raindrops
fsharp,phone-number,3.0,False,hello-world
fsharp,perfect-numbers,3.0,False,space-age
fsharp,binary-search,3.0,False,sum-of-multiples
fsharp,secret-handshake,3.0,False,allergies
fsharp,word-count,4.0,False,grade-school
fsharp,twelve-days,4.0,False,hello-world
fsharp,meetup,4.0,False,clock
fsharp,anagram,4.0,False,bob
fsharp,series,4.0,False,bob
fsharp,simple-linked-list,4.0,False,sum-of-multiples
fsharp,acronym,4.0,False,bob
fsharp,matrix,4.0,False,kindergarten-garden
fsharp,all-your-base,4.0,False,leap
fsharp,largest-series-product,4.0,False,leap
fsharp,house,4.0,False,bob
fsharp,pythagorean-triplet,4.0,False,robot-simulator
fsharp,saddle-points,4.0,False,sum-of-multiples
fsharp,pascals-triangle,4.0,False,accumulate
fsharp,list-ops,4.0,False,accumulate
fsharp,prime-factors,4.0,False,robot-simulator
fsharp,isbn-verifier,4.0,False,bob
fsharp,roman-numerals,5.0,False,accumulate
fsharp,dot-dsl,5.0,False,clock
fsharp,parallel-letter-frequency,5.0,False,clock
fsharp,linked-list,5.0,False,sum-of-multiples
fsharp,simple-cipher,5.0,False,beer-song
fsharp,rotational-cipher,5.0,False,beer-song
fsharp,scale-generator,5.0,False,kindergarten-garden
fsharp,atbash-cipher,5.0,False,beer-song
fsharp,food-chain,5.0,False,raindrops
fsharp,grep,5.0,False,raindrops
fsharp,custom-set,5.0,False,queen-attack
fsharp,crypto-square,5.0,False,beer-song
fsharp,ledger,5.0,False,raindrops
fsharp,circular-buffer,5.0,False,robot-simulator
fsharp,luhn,5.0,False,beer-song
fsharp,bank-account,5.0,False,two-fer
fsharp,markdown,5.0,False,kindergarten-garden
fsharp,run-length-encoding,5.0,False,queen-attack
fsharp,book-store,5.0,False,accumulate
fsharp,spiral-matrix,5.0,False,kindergarten-garden
fsharp,yacht,5.0,False,space-age
fsharp,tournament,6.0,False,beer-song
fsharp,word-search,6.0,False,queen-attack
fsharp,bowling,6.0,False,clock
fsharp,transpose,6.0,False,pig-latin
fsharp,nth-prime,6.0,False,leap
fsharp,palindrome-products,6.0,False,queen-attack
fsharp,complex-numbers,6.0,False,leap
fsharp,rational-numbers,6.0,False,leap
fsharp,rail-fence-cipher,6.0,False,pig-latin
fsharp,bracket-push,7.0,False,kindergarten-garden
fsharp,sublist,7.0,False,tree-building
fsharp,change,7.0,False,accumulate
fsharp,minesweeper,7.0,False,kindergarten-garden
fsharp,diffie-hellman,7.0,False,leap
fsharp,dominoes,7.0,False,queen-attack
fsharp,rectangles,7.0,False,kindergarten-garden
fsharp,wordy,7.0,False,kindergarten-garden
fsharp,hangman,8.0,False,tree-building
fsharp,zebra-puzzle,8.0,False,robot-simulator
fsharp,poker,8.0,False,space-age
fsharp,diamond,8.0,False,beer-song
fsharp,two-bucket,8.0,False,robot-simulator
fsharp,connect,8.0,False,ocr-numbers
fsharp,say,8.0,False,robot-simulator
fsharp,react,9.0,False,tree-building
fsharp,variable-length-quantity,9.0,False,allergies
fsharp,go-counting,9.0,False,ocr-numbers
fsharp,lens-person,9.0,False,tree-building
fsharp,sgf-parsing,9.0,False,ocr-numbers
fsharp,alphametics,9.0,False,ocr-numbers
fsharp,zipper,10.0,False,two-fer
fsharp,forth,10.0,False,ocr-numbers
fsharp,pov,10.0,False,two-fer
fsharp,binary,0.0,False,
fsharp,trinary,0.0,False,
fsharp,octal,0.0,False,
fsharp,hexadecimal,0.0,False,
lua,hello-world,1.0,True,
lua,hamming,2.0,True,
lua,house,3.0,True,
lua,raindrops,1.0,False,leap
lua,bob,3.0,False,leap
lua,difference-of-squares,2.0,True,
lua,variable-length-quantity,6.0,False,run-length-encoding
lua,anagram,6.0,False,isogram
lua,octal,4.0,False,binary
lua,binary-search,4.0,True,
lua,bracket-push,5.0,False,binary-search
lua,flatten-array,5.0,False,binary-search
lua,word-count,3.0,False,isogram
lua,pangram,3.0,False,isogram
lua,matrix,3.0,True,
lua,beer-song,3.0,False,house
lua,isogram,2.0,True,
lua,perfect-numbers,3.0,False,difference-of-squares
lua,etl,3.0,False,list-ops
lua,nucleotide-count,3.0,False,hamming
lua,food-chain,3.0,False,house
lua,sum-of-multiples,2.0,False,difference-of-squares
lua,rna-transcription,3.0,False,hamming
lua,phone-number,3.0,False,allergies
lua,bank-account,3.0,True,
lua,protein-translation,3.0,False,hamming
lua,grade-school,4.0,False,bank-account
lua,nth-prime,4.0,True,
lua,diamond,4.0,True,
lua,run-length-encoding,5.0,True,
lua,sublist,4.0,False,list-ops
lua,robot-name,4.0,True,
lua,robot-simulator,3.0,False,robot-name
lua,pythagorean-triplet,3.0,False,difference-of-squares
lua,leap,1.0,True,
lua,space-age,2.0,False,leap
lua,pascals-triangle,5.0,False,diamond
lua,sieve,4.0,False,nth-prime
lua,grains,2.0,False,leap
lua,kindergarten-garden,5.0,False,allergies
lua,custom-set,6.0,True,
lua,gigasecond,2.0,False,leap
lua,word-search,7.0,False,matrix
lua,luhn,4.0,False,run-length-encoding
lua,triangle,3.0,False,difference-of-squares
lua,clock,3.0,False,bank-account
lua,series,4.0,False,list-ops
lua,linked-list,4.0,False,custom-set
lua,ocr-numbers,7.0,False,matrix
lua,pig-latin,5.0,True,
lua,minesweeper,7.0,False,matrix
lua,crypto-square,5.0,False,run-length-encoding
lua,list-ops,4.0,True,
lua,meetup,6.0,False,pig-latin
lua,atbash-cipher,3.0,False,run-length-encoding
lua,scrabble-score,3.0,False,hamming
lua,largest-series-product,5.0,False,difference-of-squares
lua,rail-fence-cipher,7.0,False,run-length-encoding
lua,roman-numerals,4.0,False,leap
lua,transpose,7.0,False,matrix
lua,tournament,5.0,False,allergies
lua,circular-buffer,4.0,False,custom-set
lua,binary-search-tree,5.0,False,binary-search
lua,bowling,4.0,False,allergies
lua,binary,3.0,True,
lua,alphametics,8.0,False,matrix
lua,prime-factors,4.0,False,nth-prime
lua,acronym,4.0,False,isogram
lua,all-your-base,4.0,False,binary
lua,rectangles,8.0,False,matrix
lua,allergies,4.0,True,
lua,say,7.0,False,pig-latin
lua,pov,9.0,False,binary-search
lua,change,4.0,False,binary-search
lua,secret-handshake,3.0,False,leap
lua,react,8.0,False,matrix
lua,collatz-conjecture,3.0,False,difference-of-squares
lua,queen-attack,3.0,False,list-ops
lua,isbn-verifier,3.0,False,run-length-encoding
lua,reverse-string,3.0,False,list-ops
lua,accumulate,0.0,False,
swift,hello-world,1.0,False,
swift,two-fer,1.0,False,
swift,leap,1.0,False,
swift,gigasecond,1.0,False,
swift,difference-of-squares,1.0,False,
swift,rna-transcription,1.0,False,
swift,sum-of-multiples,1.0,False,
swift,space-age,1.0,False,
swift,bob,2.0,False,
swift,grains,2.0,False,
swift,hamming,2.0,False,
swift,nucleotide-count,2.0,False,
swift,accumulate,2.0,False,
swift,raindrops,2.0,False,
swift,grade-school,2.0,False,
swift,etl,2.0,False,
swift,isogram,2.0,False,
swift,list-ops,2.0,False,
swift,clock,3.0,False,
swift,triangle,3.0,False,
swift,robot-name,3.0,False,
swift,scrabble-score,3.0,False,
swift,kindergarten-garden,3.0,False,
swift,queen-attack,3.0,False,
swift,strain,3.0,False,
swift,sieve,3.0,False,
swift,phone-number,3.0,False,
swift,perfect-numbers,3.0,False,
swift,robot-simulator,3.0,False,
swift,binary-search,3.0,False,
swift,flatten-array,3.0,False,
swift,sublist,3.0,False,
swift,secret-handshake,3.0,False,
swift,collatz-conjecture,3.0,False,
swift,diamond,3.0,False,
swift,isbn-verifier,3.0,False,
swift,protein-translation,3.0,False,
swift,circular-buffer,3.0,False,
swift,scale-generator,3.0,False,
swift,proverb,3.0,False,
swift,word-count,4.0,False,
swift,allergies,4.0,False,
swift,beer-song,4.0,False,
swift,twelve-days,4.0,False,
swift,meetup,4.0,False,
swift,anagram,4.0,False,
swift,series,4.0,False,
swift,simple-linked-list,4.0,False,
swift,acronym,4.0,False,
swift,matrix,4.0,False,
swift,all-your-base,4.0,False,
swift,largest-series-product,4.0,False,
swift,house,4.0,False,
swift,pythagorean-triplet,4.0,False,
swift,saddle-points,4.0,False,
swift,pascals-triangle,4.0,False,
swift,prime-factors,4.0,False,
swift,pangram,4.0,False,
swift,rotational-cipher,4.0,False,
swift,say,4.0,False,
swift,roman-numerals,5.0,False,
swift,binary-search-tree,5.0,False,
swift,ocr-numbers,5.0,False,
swift,linked-list,5.0,False,
swift,simple-cipher,5.0,False,
swift,atbash-cipher,5.0,False,
swift,food-chain,5.0,False,
swift,custom-set,5.0,False,
swift,crypto-square,5.0,False,
swift,luhn,5.0,False,
swift,run-length-encoding,5.0,False,
swift,tournament,6.0,False,
swift,bowling,6.0,False,
swift,nth-prime,6.0,False,
swift,palindrome-products,6.0,False,
swift,pig-latin,6.0,False,
swift,transpose,6.0,False,
swift,complex-numbers,6.0,False,
swift,bracket-push,7.0,False,
swift,minesweeper,7.0,False,
swift,dominoes,7.0,False,
swift,wordy,7.0,False,
swift,poker,8.0,False,
swift,binary,0.0,False,
swift,trinary,0.0,False,
swift,octal,0.0,False,
swift,hexadecimal,0.0,False,
nim,hello-world,1.0,True,
nim,two-fer,1.0,True,
nim,leap,1.0,True,
nim,reverse-string,1.0,False,
nim,isogram,1.0,False,two-fer
nim,pangram,1.0,False,hello-world
nim,rna-transcription,1.0,False,
nim,hamming,1.0,False,hello-world
nim,word-count,3.0,False,bob
nim,gigasecond,1.0,False,
nim,bob,1.0,True,
nim,run-length-encoding,1.0,False,
nim,armstrong-numbers,1.0,False,sum-of-multiples
nim,difference-of-squares,1.0,False,leap
nim,anagram,1.0,False,bob
nim,allergies,1.0,True,
nim,atbash-cipher,1.0,False,grade-school
nim,sum-of-multiples,1.0,True,
nim,collatz-conjecture,1.0,False,sum-of-multiples
nim,acronym,1.0,False,two-fer
nim,grade-school,1.0,True,
nim,roman-numerals,1.0,False,
nim,space-age,1.0,False,
nim,scrabble-score,1.0,False,sum-of-multiples
nim,bracket-push,1.0,False,bob
nim,queen-attack,1.0,False,
nim,triangle,1.0,False,leap
nim,binary,1.0,False,
nim,nucleotide-count,1.0,False,
nim,raindrops,1.0,False,
nim,react,8.0,False,
bash,hello-world,1.0,True,
bash,reverse-string,1.0,False,hello-world
bash,two-fer,1.0,False,
bash,grains,2.0,True,
bash,scrabble-score,2.0,False,grains
bash,armstrong-numbers,2.0,True,
bash,difference-of-squares,2.0,False,armstrong-numbers
bash,error-handling,2.0,False,
bash,hamming,2.0,True,
bash,leap,2.0,False,
bash,pangram,2.0,True,
bash,raindrops,2.0,False,hello-world
bash,rna-transcription,2.0,False,pangram
bash,acronym,3.0,False,pangram
bash,anagram,3.0,False,pangram
bash,bob,3.0,True,
bash,collatz-conjecture,3.0,False,grains
bash,nucleotide-count,3.0,False,
bash,phone-number,3.0,False,pangram
bash,triangle,3.0,False,armstrong-numbers
bash,word-count,3.0,False,pangram
bash,gigasecond,4.0,False,armstrong-numbers
bash,luhn,4.0,True,
bash,atbash-cipher,5.0,True,
bash,roman-numerals,4.0,False,luhn
powershell,hello-world,1.0,True,
powershell,reverse-string,1.0,False,
powershell,leap,1.0,False,
powershell,bob,1.0,True,
powershell,sum-of-multiples,1.0,True,
powershell,raindrops,2.0,True,
powershell,two-fer,1.0,False,
powershell,nucleotide-count,2.0,True,
powershell,hamming,1.0,False,
r,hello-world,1.0,True,
r,leap,1.0,True,
r,hamming,1.0,True,
r,rna-transcription,1.0,False,hamming
r,difference-of-squares,1.0,False,
r,raindrops,1.0,True,
r,grains,1.0,False,
r,bob,2.0,True,
r,anagram,3.0,True,
r,space-age,1.0,False,
r,sum-of-multiples,2.0,True,
r,word-count,2.0,True,
r,phone-number,2.0,True,
r,rotational-cipher,3.0,True,
r,scrabble-score,2.0,False,word-count
r,isogram,2.0,False,anagram
r,beer-song,3.0,False,bob
r,perfect-numbers,2.0,False,leap
r,prime-factors,3.0,False,sum-of-multiples
r,sieve,3.0,False,sum-of-multiples
r,largest-series-product,3.0,True,
r,luhn,3.0,False,phone-number
r,secret-handshake,2.0,False,raindrops
r,pascals-triangle,3.0,True,
r,tournament,4.0,False,phone-number
r,nucleotide-count,2.0,False,word-count
r,pangram,2.0,False,anagram
r,triangle,3.0,False,sum-of-multiples
r,collatz-conjecture,2.0,False,sum-of-multiples
r,allergies,3.0,False,sum-of-multiples
r,crypto-square,4.0,False,rotational-cipher
r,diamond,3.0,False,pascals-triangle
c,hello-world,1.0,True,
c,isogram,1.0,True,
c,acronym,1.0,False,isogram
c,word-count,3.0,False,isogram
c,pangram,3.0,False,isogram
c,gigasecond,1.0,True,
c,space-age,1.0,False,gigasecond
c,meetup,4.0,False,gigasecond
c,hamming,2.0,True,
c,rna-transcription,2.0,False,hamming
c,nucleotide-count,2.0,False,hamming
c,grains,1.0,True,
c,leap,1.0,False,grains
c,beer-song,2.0,True,
c,raindrops,2.0,False,beer-song
c,bob,5.0,False,beer-song
c,difference-of-squares,1.0,True,
c,sum-of-multiples,4.0,False,difference-of-squares
c,binary-search,2.0,True,
c,anagram,5.0,False,binary-search
c,roman-numerals,3.0,True,
c,allergies,4.0,True,
c,atbash-cipher,5.0,True,
c,series,2.0,False,atbash-cipher
c,react,10.0,False,atbash-cipher
c,phone-number,4.0,True,
c,clock,2.0,True,
c,sieve,2.0,True,
c,nth-prime,4.0,False,sieve
c,robot-simulator,2.0,True,
c,pascals-triangle,1.0,True,
c,triangle,1.0,False,pascals-triangle
c,perfect-numbers,1.0,False,pascals-triangle
c,collatz-conjecture,2.0,False,pascals-triangle
c,binary,1.0,True,
c,all-your-base,3.0,False,binary
c,palindrome-products,2.0,True,
c,sublist,4.0,False,palindrome-products
c,largest-series-product,5.0,False,palindrome-products
c,scrabble-score,4.0,True,
c,queen-attack,1.0,True,
c,complex-numbers,2.0,False,difference-of-squares
c,etl,2.0,False,scrabble-score
c,prime-factors,2.0,False,sieve
c,luhn,2.0,False,pascals-triangle
c,bracket-push,5.0,False,isogram
c,say,6.0,False,roman-numerals
c,crypto-square,6.0,False,atbash-cipher
c,secret-handshake,3.0,False,hamming
c,pig-latin,4.0,False,hamming
c,minesweeper,3.0,False,scrabble-score
c,run-length-encoding,4.0,False,atbash-cipher
c,two-fer,1.0,False,beer-song
c,wordy,4.0,False,beer-song
c,binary-search-tree,6.0,False,binary-search
c,diamond,3.0,False,scrabble-score
sml,hello-world,1.0,True,
sml,two-fer,1.0,True,
sml,leap,1.0,True,
sml,all-your-base,1.0,False,
sml,bob,1.0,False,
sml,accumulate,1.0,False,
sml,allergies,1.0,False,
sml,anagram,1.0,False,
sml,flatten-array,1.0,False,
sml,hamming,1.0,False,
sml,raindrops,1.0,False,
sml,nth-prime,1.0,False,
sml,difference-of-squares,1.0,False,
sml,atbash-cipher,1.0,False,
sml,perfect-numbers,1.0,False,
sml,pangram,1.0,False,
sml,prime-factors,1.0,False,
sml,list-ops,1.0,False,
sml,rna-transcription,1.0,False,
sml,collatz-conjecture,1.0,False,
sml,sum-of-multiples,1.0,False,
sml,phone-number,1.0,False,
sml,roman-numerals,1.0,False,
sml,diamond,1.0,False,
sml,pig-latin,1.0,False,
sml,binary,0.0,False,
vbnet,bob,1.0,False,
vbnet,anagram,1.0,False,
vbnet,binary,1.0,False,
vbnet,allergies,1.0,False,
vbnet,atbash-cipher,1.0,False,
vbnet,accumulate,1.0,False,
vbnet,crypto-square,1.0,False,
groovy,hello-world,1.0,False,
groovy,hamming,2.0,False,
groovy,gigasecond,4.0,False,
groovy,raindrops,3.0,False,
groovy,rna-transcription,2.0,False,
groovy,difference-of-squares,2.0,False,
groovy,leap,1.0,False,
groovy,two-fer,1.0,True,
groovy,nth-prime,4.0,False,
groovy,robot-name,3.0,False,
groovy,roman-numerals,4.0,False,
groovy,grains,2.0,False,
groovy,word-count,3.0,False,
groovy,phone-number,3.0,False,
groovy,triangle,3.0,False,
groovy,scrabble-score,3.0,False,
groovy,binary-search,4.0,False,
groovy,double-linked-list,6.0,True,
groovy,rotational-cipher,4.0,True,
groovy,flatten-array,5.0,False,
groovy,bank-account,6.0,True,
plsql,hello-world,1.0,False,
plsql,hamming,1.0,False,
plsql,gigasecond,1.0,False,
plsql,rna-transcription,1.0,False,
plsql,raindrops,1.0,False,
plsql,difference-of-squares,1.0,False,
plsql,roman-numerals,1.0,False,
plsql,nth-prime,1.0,False,
plsql,leap,1.0,False,
plsql,grains,1.0,False,
plsql,binary,1.0,False,
scheme,hello-world,1.0,False,
scheme,hamming,1.0,False,
scheme,leap,1.0,False,
scheme,grains,1.0,False,
scheme,bob,1.0,False,
scheme,raindrops,1.0,False,
scheme,rna-transcription,1.0,False,
scheme,robot-name,1.0,False,
scheme,phone-number,1.0,False,
scheme,anagram,1.0,False,
scheme,nucleotide-count,1.0,False,
scheme,difference-of-squares,1.0,False,
scheme,list-ops,1.0,False,
scheme,scrabble-score,1.0,False,
scheme,word-count,1.0,False,
scheme,two-fer,1.0,False,
scheme,atbash-cipher,1.0,False,
cfml,hello-world,1.0,False,
cfml,leap,1.0,False,
cfml,raindrops,1.0,False,
cfml,scrabble-score,1.0,False,
cfml,difference-of-squares,1.0,False,
cfml,secret-handshake,1.0,False,
cfml,space-age,1.0,False,
cfml,acronym,1.0,False,
cfml,rna-transcription,1.0,False,
cfml,pangram,1.0,False,
cfml,hamming,1.0,False,
cfml,gigasecond,1.0,False,
cfml,sum-of-multiples,1.0,False,
cfml,luhn,1.0,False,
cfml,triangle,1.0,False,
cfml,largest-series-product,1.0,False,
cfml,grains,1.0,False,
cfml,atbash-cipher,1.0,False,
cfml,nth-prime,1.0,False,
cfml,pig-latin,1.0,False,
cfml,flatten-array,1.0,False,
cfml,saddle-points,1.0,False,
cfml,diamond,1.0,False,
cfml,isogram,1.0,False,
cfml,bob,1.0,False,
cfml,word-count,1.0,False,
cfml,markdown,5.0,False,
cfml,anagram,1.0,False,
elisp,hello-world,1.0,False,
elisp,two-fer,1.0,False,
elisp,bob,1.0,False,
elisp,difference-of-squares,1.0,False,
elisp,gigasecond,1.0,False,
elisp,hamming,1.0,False,
elisp,pangram,1.0,False,
elisp,anagram,1.0,False,
elisp,binary,1.0,False,
elisp,leap,1.0,False,
elisp,allergies,1.0,False,
elisp,robot-name,1.0,False,
elisp,rna-transcription,1.0,False,
elisp,atbash-cipher,1.0,False,
elisp,raindrops,1.0,False,
elisp,roman-numerals,1.0,False,
elisp,perfect-numbers,1.0,False,
elisp,etl,1.0,False,
elisp,word-count,1.0,False,
elisp,nucleotide-count,1.0,False,
elisp,phone-number,1.0,False,
elisp,grains,1.0,False,
elisp,acronym,1.0,False,
elisp,armstrong-numbers,1.0,False,
elisp,run-length-encoding,1.0,False,
haxe,hello-world,1.0,False,
haxe,bob,1.0,False,
haxe,leap,1.0,False,
pony,hello-world,1.0,False,
pony,difference-of-squares,1.0,False,
pony,bob,1.0,False,
pony,hamming,1.0,False,
pony,leap,1.0,False,
pony,anagram,1.0,False,
pony,rna-transcription,1.0,False,
pony,roman-numerals,2.0,False,
pony,beer-song,1.0,False,
pony,atbash-cipher,1.0,False,
pony,pascals-triangle,1.0,False,
lfe,leap,1.0,False,
lfe,rna-transcription,1.0,False,
lfe,bob,1.0,False,
lfe,sum-of-multiples,1.0,False,
lfe,strain,1.0,False,
lfe,hamming,1.0,False,
lfe,space-age,1.0,False,
lfe,grains,1.0,False,
lfe,anagram,1.0,False,
lfe,nucleotide-count,1.0,False,
lfe,atbash-cipher,1.0,False,
lfe,phone-number,1.0,False,
lfe,robot-simulator,1.0,False,
lfe,grade-school,1.0,False,
lfe,binary,1.0,False,
lfe,word-count,1.0,False,
lfe,circular-buffer,1.0,False,
lfe,etl,1.0,False,
lfe,clock,1.0,False,
lfe,gigasecond,1.0,False,
lfe,beer-song,1.0,False,
lfe,difference-of-squares,1.0,False,
lfe,allergies,1.0,False,
lfe,bank-account,1.0,False,
lfe,luhn,1.0,False,
lfe,series,1.0,False,
lfe,trinary,1.0,False,
lfe,largest-series-product,1.0,False,
lfe,meetup,1.0,False,
lfe,parallel-letter-frequency,1.0,False,
lfe,accumulate,0.0,False,
racket,hello-world,1.0,False,
racket,grains,1.0,False,
racket,leap,1.0,False,
racket,difference-of-squares,1.0,False,
racket,perfect-numbers,1.0,False,
racket,gigasecond,1.0,False,
racket,bob,1.0,False,
racket,collatz-conjecture,1.0,False,
racket,hamming,1.0,False,
racket,scrabble-score,1.0,False,
racket,roman-numerals,1.0,False,
racket,meetup,1.0,False,
racket,anagram,1.0,False,
racket,rna-transcription,1.0,False,
racket,etl,1.0,False,
racket,word-count,1.0,False,
racket,phone-number,1.0,False,
racket,nucleotide-count,1.0,False,
racket,raindrops,1.0,False,
racket,grep,1.0,False,
racket,say,1.0,False,
racket,allergies,1.0,False,
racket,list-ops,1.0,False,
racket,acronym,1.0,False,
racket,accumulate,0.0,False,
elm,hello-world,1.0,True,
elm,bob,1.0,True,
elm,difference-of-squares,1.0,False,
elm,gigasecond,1.0,False,
elm,leap,1.0,True,
elm,rna-transcription,1.0,False,
elm,space-age,1.0,True,
elm,sum-of-multiples,1.0,True,
elm,accumulate,2.0,True,
elm,collatz-conjecture,2.0,False,sum-of-multiples
elm,etl,2.0,False,grade-school
elm,grade-school,2.0,True,
elm,grains,2.0,False,leap
elm,hamming,2.0,False,hello-world
elm,nucleotide-count,2.0,False,grade-school
elm,pangram,2.0,False,hello-world
elm,raindrops,2.0,True,
elm,binary-search,3.0,False,sum-of-multiples
elm,isogram,3.0,False,hello-world
elm,phone-number,3.0,False,hello-world
elm,robot-simulator,3.0,True,
elm,scrabble-score,3.0,False,
elm,strain,3.0,False,raindrops
elm,triangle,3.0,False,space-age
elm,acronym,4.0,False,bob
elm,all-your-base,4.0,False,leap
elm,allergies,4.0,True,
elm,anagram,4.0,False,bob
elm,largest-series-product,4.0,False,leap
elm,list-ops,4.0,False,accumulate
elm,pascals-triangle,4.0,False,accumulate
elm,series,4.0,False,bob
elm,twelve-days,4.0,False,hello-world
elm,word-count,4.0,False,grade-school
elm,atbash-cipher,5.0,False,bob
elm,luhn,5.0,False,bob
elm,roman-numerals,5.0,False,accumulate
elm,run-length-encoding,5.0,False,
elm,transpose,6.0,False,
elm,bracket-push,7.0,False,
elm,sublist,7.0,False,
elm,say,8.0,False,robot-simulator
kotlin,hello-world,1.0,True,
kotlin,two-fer,2.0,True,
kotlin,leap,2.0,False,hello-world
kotlin,rna-transcription,2.0,False,two-fer
kotlin,pangram,3.0,False,hello-world
kotlin,hamming,3.0,True,
kotlin,gigasecond,3.0,True,
kotlin,space-age,3.0,False,gigasecond
kotlin,acronym,3.0,False,hamming
kotlin,scrabble-score,3.0,True,
kotlin,raindrops,3.0,False,hello-world
kotlin,difference-of-squares,3.0,True,
kotlin,secret-handshake,3.0,True,
kotlin,perfect-numbers,3.0,False,difference-of-squares
kotlin,sum-of-multiples,4.0,False,difference-of-squares
kotlin,luhn,4.0,False,hamming
kotlin,triangle,4.0,True,
kotlin,largest-series-product,4.0,False,hamming
kotlin,grains,4.0,False,secret-handshake
kotlin,sieve,4.0,False,difference-of-squares
kotlin,collatz-conjecture,4.0,False,triangle
kotlin,atbash-cipher,4.0,False,rotational-cipher
kotlin,nth-prime,4.0,False,triangle
kotlin,saddle-points,4.0,True,
kotlin,diamond,4.0,False,two-fer
kotlin,isogram,4.0,False,hello-world
kotlin,flatten-array,5.0,True,
kotlin,pig-latin,5.0,False,hello-world
kotlin,phone-number,5.0,False,hamming
kotlin,nucleotide-count,5.0,False,hamming
kotlin,word-count,5.0,True,
kotlin,spiral-matrix,5.0,False,flatten-array
kotlin,robot-name,5.0,True,
kotlin,prime-factors,5.0,False,triangle
kotlin,allergies,5.0,False,gigasecond
kotlin,bob,5.0,False,two-fer
kotlin,pascals-triangle,5.0,False,triangle
kotlin,bracket-push,5.0,False,flatten-array
kotlin,series,5.0,False,hamming
kotlin,rotational-cipher,5.0,True,
kotlin,bank-account,6.0,True,
kotlin,roman-numerals,6.0,False,hamming
kotlin,beer-song,6.0,False,two-fer
kotlin,etl,6.0,False,word-count
kotlin,linked-list,6.0,True,
kotlin,grade-school,6.0,False,word-count
kotlin,robot-simulator,6.0,False,secret-handshake
kotlin,binary-search,6.0,True,
kotlin,minesweeper,6.0,False,scrabble-score
kotlin,all-your-base,6.0,False,saddle-points
kotlin,say,6.0,False,rotational-cipher
kotlin,anagram,7.0,False,hello-world
kotlin,sublist,7.0,False,linked-list
kotlin,meetup,7.0,False,gigasecond
kotlin,clock,7.0,False,saddle-points
kotlin,list-ops,8.0,False,linked-list
kotlin,simple-cipher,8.0,False,rotational-cipher
kotlin,complex-numbers,8.0,False,triangle
kotlin,change,8.0,False,flatten-array
kotlin,forth,9.0,False,secret-handshake
kotlin,react,10.0,False,binary-search
kotlin,accumulate,0.0,False,
kotlin,binary,0.0,False,
kotlin,hexadecimal,0.0,False,
kotlin,strain,0.0,False,
crystal,hello-world,1.0,False,
crystal,hamming,1.0,False,
crystal,gigasecond,1.0,False,
crystal,rna-transcription,1.0,False,
crystal,bob,1.0,False,
crystal,raindrops,1.0,False,
crystal,leap,1.0,False,
crystal,triangle,1.0,False,
crystal,difference-of-squares,1.0,False,
crystal,pangram,1.0,False,
crystal,largest-series-product,1.0,False,
crystal,bracket-push,1.0,False,
crystal,sieve,1.0,False,
crystal,roman-numerals,1.0,False,
crystal,atbash-cipher,1.0,False,
crystal,anagram,1.0,False,
crystal,react,1.0,False,
crystal,acronym,1.0,False,
crystal,binary,1.0,False,
crystal,binary-search-tree,1.0,False,
crystal,run-length-encoding,1.0,False,
crystal,pascals-triangle,1.0,False,
crystal,forth,3.0,False,
crystal,flatten-array,1.0,False,
factor,hello-world,1.0,False,
factor,leap,3.0,False,
factor,two-fer,2.0,False,
factor,isogram,1.0,False,
idris,rna-transcription,1.0,False,
idris,hello-world,1.0,False,
idris,leap,1.0,False,
idris,hamming,2.0,False,
idris,accumulate,1.0,False,
purescript,hello-world,1.0,False,
purescript,leap,1.0,False,
purescript,bob,1.0,False,
purescript,raindrops,1.0,False,
purescript,hamming,1.0,False,
purescript,pangram,1.0,False,
purescript,scrabble-score,1.0,False,
purescript,accumulate,1.0,False,
purescript,acronym,2.0,False,
purescript,triangle,2.0,False,
purescript,word-count,1.0,False,
purescript,meetup,1.0,False,
purescript,atbash-cipher,1.0,False,
purescript,bracket-push,1.0,False,
purescript,allergies,1.0,False,
purescript,all-your-base,1.0,False,
purescript,binary-search,1.0,False,
purescript,difference-of-squares,1.0,False,
purescript,diamond,1.0,False,
purescript,crypto-square,1.0,False,
purescript,isogram,1.0,False,
purescript,etl,1.0,False,
purescript,largest-series-product,1.0,False,
purescript,pascals-triangle,1.0,False,
purescript,collatz-conjecture,1.0,False,
purescript,sum-of-multiples,1.0,False,
purescript,rna-transcription,1.0,False,
purescript,phone-number,1.0,False,
ceylon,leap,1.0,False,
ceylon,hamming,2.0,False,
ceylon,sieve,3.0,False,
ceylon,rna-transcription,3.0,False,
ceylon,anagram,4.0,False,
ceylon,largest-series-product,4.0,False,
ceylon,bracket-push,6.0,False,
ceylon,react,10.0,False,
mips,binary,1.0,True,
mips,octal,1.0,False,binary
mips,trinary,1.0,False,binary
mips,hexadecimal,1.0,False,binary
mips,leap,1.0,True,
mips,difference-of-squares,1.0,True,
mips,hamming,3.0,True,
mips,rna-transcription,3.0,False,hamming
mips,isogram,3.0,False,hamming
mips,triangle,2.0,True,
mips,atbash-cipher,4.0,True,
mips,scrabble-score,5.0,True,
mips,raindrops,5.0,True,
mips,nth-prime,7.0,True,
delphi,hello-world,1.0,True,
delphi,two-fer,1.0,True,
delphi,reverse-string,1.0,False,
delphi,bob,1.0,True,
delphi,leap,1.0,True,
delphi,space-age,1.0,False,leap
delphi,isbn-verifier,4.0,False,bob
delphi,rna-transcription,1.0,False,roman-numerals
delphi,raindrops,2.0,True,
delphi,hamming,1.0,False,hello-world
delphi,bank-account,2.0,False,clock
delphi,nucleotide-count,2.0,True,
delphi,etl,2.0,False,nucleotide-count
delphi,grains,2.0,False,leap
delphi,pangram,2.0,False,hello-world
delphi,grade-school,2.0,True,
delphi,collatz-conjecture,2.0,True,
delphi,armstrong-numbers,2.0,False,collatz-conjecture
delphi,beer-song,3.0,False,raindrops
delphi,isogram,3.0,False,two-fer
delphi,phone-number,3.0,False,collatz-conjecture
delphi,proverb,3.0,False,raindrops
delphi,secret-handshake,3.0,False,collatz-conjecture
delphi,perfect-numbers,3.0,False,leap
delphi,binary-search,3.0,True,
delphi,clock,3.0,True,
delphi,triangle,3.0,False,leap
delphi,allergies,4.0,True,
delphi,saddle-points,4.0,True,
delphi,word-count,4.0,False,bob
delphi,circular-buffer,5.0,True,
delphi,minesweeper,5.0,True,
delphi,bracket-push,5.0,False,bob
delphi,roman-numerals,5.0,True,
delphi,bowling,6.0,False,circular-buffer
delphi,pig-latin,6.0,False,book-store
delphi,book-store,6.0,True,
delphi,wordy,7.0,False,minesweeper
delphi,poker,7.0,False,minesweeper
prolog,hello-world,1.0,False,
prolog,complex-numbers,1.0,False,
prolog,sum-of-multiples,1.0,False,
prolog,binary,1.0,False,
prolog,leap,1.0,False,
prolog,triangle,1.0,False,
prolog,space-age,1.0,False,
prolog,grains,1.0,False,
prolog,nucleotide-count,1.0,False,
prolog,isogram,1.0,False,
prolog,hamming,1.0,False,
prolog,anagram,1.0,False,
prolog,rna-transcription,1.0,False,
prolog,queen-attack,1.0,False,
prolog,pascals-triangle,1.0,False,
prolog,dominoes,1.0,False,
julia,hello-world,1.0,True,
julia,leap,1.0,True,
julia,nucleotide-count,1.0,True,
julia,hamming,1.0,False,nucleotide-count
julia,rna-transcription,1.0,False,nucleotide-count
julia,bob,2.0,False,
julia,run-length-encoding,1.0,False,nucleotide-count
julia,pangram,1.0,True,
julia,anagram,2.0,False,pangram
julia,rotational-cipher,2.0,True,
julia,atbash-cipher,1.0,False,rotational-cipher
julia,difference-of-squares,1.0,True,
julia,pascals-triangle,1.0,False,difference-of-squares
julia,raindrops,1.0,True,
julia,scrabble-score,1.0,False,nucleotide-count
julia,word-count,1.0,False,nucleotide-count
julia,luhn,1.0,False,raindrops
julia,roman-numerals,1.0,False,raindrops
julia,isogram,1.0,False,pangram
julia,etl,2.0,False,nucleotide-count
julia,collatz-conjecture,2.0,False,difference-of-squares
julia,sieve,2.0,False,difference-of-squares
julia,trinary,2.0,False,secret-handshake
julia,secret-handshake,2.0,True,
julia,phone-number,1.0,False,
julia,triangle,1.0,False,
julia,transpose,2.0,False,
julia,robot-name,2.0,True,
julia,gigasecond,1.0,False,
julia,robot-simulator,2.0,False,robot-name
julia,complex-numbers,2.0,True,
julia,custom-set,5.0,True,
julia,grains,1.0,False,difference-of-squares
julia,spiral-matrix,3.0,False,
julia,isbn-verifier,2.0,False,raindrops
typescript,hello-world,1.0,True,
typescript,two-fer,1.0,False,hello-world
typescript,leap,1.0,True,
typescript,simple-cipher,1.0,True,
typescript,armstrong-numbers,2.0,False,
typescript,run-length-encoding,2.0,False,
typescript,reverse-string,2.0,False,leap
typescript,rna-transcription,2.0,True,
typescript,bob,2.0,True,
typescript,protein-translation,2.0,False,rna-transcription
typescript,pangram,3.0,True,
typescript,isogram,3.0,False,pangram
typescript,space-age,3.0,True,
typescript,perfect-numbers,3.0,False,space-age
typescript,roman-numerals,3.0,False,pangram
typescript,diffie-hellman,3.0,False,simple-cipher
typescript,strain,4.0,False,
typescript,twelve-days,4.0,False,bob
typescript,prime-factors,4.0,True,
typescript,matrix,4.0,True,
typescript,saddle-points,4.0,False,matrix
typescript,nucleotide-count,4.0,False,rna-transcription
typescript,pig-latin,4.0,False,bob
typescript,luhn,4.0,False,space-age
typescript,transpose,4.0,False,matrix
typescript,isbn-verifier,4.0,False,bob
typescript,proverb,4.0,False,bob
typescript,complex-numbers,4.0,False,space-age
typescript,house,4.0,False,bob
typescript,rectangles,4.0,False,matrix
typescript,spiral-matrix,4.0,False,matrix
typescript,nth-prime,5.0,False,prime-factors
typescript,sum-of-multiples,5.0,False,space-age
typescript,linked-list,5.0,True,
typescript,bracket-push,5.0,False,
typescript,flatten-array,5.0,False,
typescript,grains,5.0,False,space-age
typescript,sieve,5.0,False,prime-factors
typescript,sublist,5.0,False,linked-list
typescript,accumulate,5.0,False,
typescript,all-your-base,5.0,False,
typescript,secret-handshake,6.0,True,
typescript,allergies,6.0,False,rna-transcription
typescript,binary-search-tree,6.0,False,binary-search
typescript,robot-name,6.0,True,
typescript,grade-school,6.0,True,
typescript,custom-set,6.0,False,linked-list
typescript,wordy,7.0,True,
typescript,minesweeper,7.0,False,
typescript,connect,7.0,False,grade-school
typescript,palindrome-products,7.0,False,prime-factors
typescript,circular-buffer,8.0,False,linked-list
typescript,list-ops,8.0,True,
typescript,bowling,8.0,False,grade-school
typescript,queen-attack,8.0,False,
typescript,crypto-square,9.0,False,simple-cipher
typescript,gigasecond,3.0,False,hello-world
typescript,series,3.0,False,pangram
typescript,difference-of-squares,3.0,False,hello-world
typescript,word-count,1.0,False,hello-world
typescript,raindrops,2.0,False,rna-transcription
typescript,etl,2.0,False,rna-transcription
typescript,hamming,3.0,False,rna-transcription
typescript,scrabble-score,5.0,False,rna-transcription
typescript,acronym,2.0,False,pangram
typescript,anagram,2.0,False,pangram
typescript,phone-number,5.0,False,pangram
typescript,beer-song,5.0,False,bob
typescript,say,6.0,False,bob
typescript,food-chain,4.0,False,bob
typescript,clock,3.0,True,
typescript,triangle,3.0,False,leap
typescript,collatz-conjecture,4.0,False,leap
typescript,pascals-triangle,5.0,True,
typescript,rational-numbers,5.0,True,
typescript,binary-search,5.0,True,
typescript,rotational-cipher,4.0,False,
typescript,largest-series-product,7.0,False,pangram
typescript,kindergarten-garden,7.0,False,wordy
typescript,robot-simulator,5.0,False,wordy
typescript,pythagorean-triplet,5.0,False,space-age
typescript,ocr-numbers,5.0,False,matrix
typescript,diamond,5.0,False,pascals-triangle
typescript,two-bucket,6.0,False,pangram
typescript,variable-length-quantity,6.0,False,pangram
typescript,atbash-cipher,7.0,True,
vimscript,hello-world,1.0,False,
vimscript,leap,1.0,False,
vimscript,hamming,1.0,False,
vimscript,bob,1.0,False,
vimscript,rna-transcription,1.0,False,
vimscript,anagram,1.0,False,
vimscript,difference-of-squares,1.0,False,
vimscript,raindrops,1.0,False,
vimscript,word-count,1.0,False,
vimscript,atbash-cipher,1.0,False,
vimscript,roman-numerals,1.0,False,
vimscript,phone-number,1.0,False,
vimscript,nucleotide-count,1.0,False,
vimscript,allergies,1.0,False,
vimscript,scrabble-score,1.0,False,
vimscript,triangle,1.0,False,
vimscript,etl,1.0,False,
vimscript,beer-song,1.0,False,
vimscript,largest-series-product,1.0,False,
vimscript,pangram,1.0,False,
coq,hello-world,1.0,False,
coq,rna-transcription,1.0,False,
coq,tautology,1.0,False,
fortran,hello-world,1.0,False,
fortran,bob,1.0,False,
fortran,hamming,1.0,False,
fortran,rna-transcription,1.0,False,
fortran,raindrops,1.0,False,
fortran,difference-of-squares,1.0,False,
fortran,pangram,1.0,False,
dart,hello-world,1.0,True,
dart,leap,1.0,True,
dart,scrabble-score,1.0,True,
dart,armstrong-numbers,1.0,True,
dart,difference-of-squares,2.0,True,
dart,word-count,2.0,True,
dart,bob,2.0,True,
dart,hamming,2.0,True,
dart,phone-number,2.0,False,word-count
dart,gigasecond,3.0,True,
dart,raindrops,2.0,True,
dart,rna-transcription,3.0,True,
dart,anagram,1.0,True,
gnu-apl,hello-world,1.0,True,
gnu-apl,leap,1.0,True,
gnu-apl,hamming,1.0,True,
gnu-apl,rna-transcription,1.0,True,
gnu-apl,raindrops,1.0,True,
gnu-apl,difference-of-squares,1.0,True,
gnu-apl,pangram,1.0,True,
reasonml,hello-world,1.0,True,
reasonml,leap,1.0,True,
reasonml,space-age,2.0,False,leap
reasonml,bob,2.0,True,
reasonml,rna-transcription,2.0,True,
reasonml,word-count,2.0,True,
reasonml,raindrops,2.0,True,
reasonml,armstrong-numbers,2.0,False,leap
reasonml,anagram,3.0,False,word-count
reasonml,pangram,3.0,False,word-count
reasonml,isogram,3.0,False,word-count
reasonml,phone-number,3.0,True,
reasonml,roman-numerals,3.0,False,leap
reasonml,binary-search,4.0,True,
reasonml,run-length-encoding,5.0,True,
reasonml,minesweeper,5.0,True,
reasonml,change,5.0,False,binary-search
reasonml,acronym,2.0,False,
reasonml,all-your-base,2.0,False,binary-search
reasonml,accumulate,2.0,True,
reasonml,allergies,4.0,True,
ballerina,hello-world,1.0,True,
ballerina,hello-world-service,1.0,True,
