language,exercise,core,difficulty
ruby,hello-world,1,1
ruby,two-fer,1,1
ruby,hamming,1,1
ruby,gigasecond,0,1
ruby,rna-transcription,0,2
ruby,raindrops,1,1
ruby,difference-of-squares,1,2
ruby,pangram,0,2
ruby,sieve,0,3
ruby,roman-numerals,0,2
ruby,nth-prime,0,3
ruby,leap,0,1
ruby,grains,1,2
ruby,word-count,0,3
ruby,bob,0,2
ruby,run-length-encoding,0,4
ruby,binary,0,0
ruby,accumulate,0,1
ruby,sum-of-multiples,0,5
ruby,grade-school,0,5
ruby,series,0,3
ruby,phone-number,0,3
ruby,prime-factors,0,3
ruby,strain,0,2
ruby,etl,0,1
ruby,trinary,0,0
ruby,beer-song,0,3
ruby,bowling,0,5
ruby,space-age,0,2
ruby,anagram,0,3
ruby,binary-search-tree,0,5
ruby,crypto-square,0,3
ruby,clock,1,3
ruby,alphametics,0,5
ruby,rail-fence-cipher,0,4
ruby,acronym,0,2
ruby,scrabble-score,1,2
ruby,nucleotide-count,0,2
ruby,flatten-array,0,1
ruby,hexadecimal,0,0
ruby,say,0,7
ruby,meetup,0,3
ruby,robot-name,1,3
ruby,queen-attack,0,5
ruby,palindrome-products,0,6
ruby,bracket-push,0,7
ruby,food-chain,0,4
ruby,matrix,1,4
ruby,saddle-points,0,5
ruby,triangle,0,3
ruby,atbash-cipher,0,3
ruby,house,0,4
ruby,secret-handshake,0,5
ruby,proverb,0,4
ruby,ocr-numbers,0,7
ruby,pig-latin,0,4
ruby,simple-linked-list,0,4
ruby,luhn,1,2
ruby,simple-cipher,0,3
ruby,wordy,0,3
ruby,allergies,0,4
ruby,poker,0,5
ruby,kindergarten-garden,0,3
ruby,largest-series-product,0,3
ruby,pythagorean-triplet,0,5
ruby,scale-generator,0,3
ruby,protein-translation,0,3
ruby,perfect-numbers,0,4
ruby,isogram,1,2
ruby,circular-buffer,0,5
ruby,diamond,0,4
ruby,custom-set,0,4
ruby,twelve-days,1,4
ruby,transpose,0,5
ruby,pascals-triangle,0,4
ruby,linked-list,0,4
ruby,binary-search,0,5
ruby,tournament,1,3
ruby,minesweeper,0,5
ruby,robot-simulator,0,6
ruby,all-your-base,0,3
ruby,connect,0,9
ruby,change,0,5
ruby,collatz-conjecture,0,1
ruby,book-store,0,8
ruby,rotational-cipher,0,2
ruby,isbn-verifier,0,2
ruby,dominoes,0,4
ruby,two-bucket,0,5
ruby,list-ops,0,3
ruby,octal,0,0
ruby,affine-cipher,0,3
ruby,complex-numbers,0,3
ruby,point-mutations,0,0
ruby,zipper,0,7
java,hello-world,1,1
java,two-fer,1,1
java,reverse-string,0,1
java,armstrong-numbers,0,2
java,rna-transcription,0,2
java,pangram,0,3
java,hamming,1,3
java,gigasecond,1,3
java,space-age,0,3
java,acronym,0,3
java,scrabble-score,1,3
java,raindrops,0,3
java,difference-of-squares,1,3
java,secret-handshake,1,3
java,perfect-numbers,0,3
java,protein-translation,0,3
java,proverb,0,4
java,isbn-verifier,0,4
java,sum-of-multiples,0,4
java,luhn,0,4
java,matrix,1,4
java,triangle,1,4
java,largest-series-product,0,4
java,sieve,0,4
java,twelve-days,0,4
java,rotational-cipher,1,4
java,kindergarten-garden,0,4
java,collatz-conjecture,0,4
java,nth-prime,0,4
java,saddle-points,1,4
java,error-handling,0,4
java,diamond,0,4
java,isogram,0,4
java,variable-length-quantity,0,4
java,flatten-array,1,5
java,pig-latin,0,5
java,phone-number,0,5
java,nucleotide-count,0,5
java,word-count,1,5
java,run-length-encoding,0,5
java,robot-name,1,5
java,prime-factors,0,5
java,allergies,0,5
java,bob,0,5
java,pascals-triangle,0,5
java,bracket-push,0,5
java,series,0,5
java,atbash-cipher,0,5
java,grep,0,5
java,alphametics,0,6
java,spiral-matrix,0,6
java,roman-numerals,0,6
java,transpose,0,6
java,house,0,6
java,food-chain,0,6
java,beer-song,0,6
java,queen-attack,0,6
java,etl,0,6
java,grade-school,0,6
java,robot-simulator,0,6
java,binary-search,1,6
java,minesweeper,0,6
java,wordy,0,6
java,all-your-base,0,6
java,bank-account,1,6
java,bowling,0,6
java,linked-list,1,6
java,tournament,0,6
java,parallel-letter-frequency,0,6
java,rail-fence-cipher,0,6
java,two-bucket,0,7
java,anagram,0,7
java,sublist,0,7
java,word-search,0,7
java,simple-linked-list,0,7
java,binary-search-tree,0,7
java,meetup,0,7
java,crypto-square,0,7
java,markdown,0,7
java,poker,0,7
java,clock,0,7
java,zipper,0,7
java,go-counting,0,7
java,dominoes,0,7
java,ocr-numbers,0,8
java,circular-buffer,0,8
java,rectangles,0,8
java,book-store,0,8
java,diffie-hellman,0,8
java,simple-cipher,0,8
java,complex-numbers,0,8
java,rational-numbers,0,8
java,list-ops,0,8
java,change,0,8
java,palindrome-products,0,8
java,pythagorean-triplet,0,9
java,forth,0,9
java,custom-set,0,10
java,accumulate,0,0
java,binary,0,0
java,hexadecimal,0,0
java,octal,0,0
java,strain,0,0
java,trinary,0,0
coffeescript,hello-world,0,1
coffeescript,bob,0,5
coffeescript,word-count,0,3
coffeescript,accumulate,0,3
coffeescript,binary,0,2
coffeescript,anagram,0,2
coffeescript,trinary,0,3
coffeescript,hexadecimal,0,3
coffeescript,triangle,0,2
coffeescript,luhn,0,2
coffeescript,binary-search-tree,0,5
coffeescript,nth-prime,0,4
coffeescript,palindrome-products,0,2
coffeescript,queen-attack,0,1
coffeescript,wordy,0,4
coffeescript,clock,0,3
coffeescript,beer-song,0,2
coffeescript,atbash-cipher,0,5
coffeescript,linked-list,0,3
coffeescript,pascals-triangle,0,2
coffeescript,nucleotide-count,0,2
elixir,hello-world,1,1
elixir,nucleotide-count,0,2
elixir,secret-handshake,0,2
elixir,rotational-cipher,0,2
elixir,strain,0,2
elixir,protein-translation,0,2
elixir,pig-latin,0,2
elixir,space-age,0,2
elixir,bob,1,2
elixir,twelve-days,0,3
elixir,word-count,1,2
elixir,accumulate,0,2
elixir,acronym,0,2
elixir,series,0,2
elixir,raindrops,0,2
elixir,run-length-encoding,0,2
elixir,sublist,0,2
elixir,scrabble-score,0,2
elixir,sum-of-multiples,0,2
elixir,pangram,0,2
elixir,simple-linked-list,0,1
elixir,anagram,0,2
elixir,matrix,0,3
elixir,bracket-push,0,3
elixir,rna-transcription,1,2
elixir,phone-number,0,3
elixir,nth-prime,0,2
elixir,roman-numerals,1,2
elixir,all-your-base,0,2
elixir,hamming,0,2
elixir,triangle,0,2
elixir,beer-song,1,3
elixir,isogram,0,3
elixir,grade-school,0,3
elixir,tournament,0,4
elixir,list-ops,1,4
elixir,flatten-array,0,3
elixir,leap,0,3
elixir,kindergarten-garden,0,3
elixir,etl,0,2
elixir,meetup,0,4
elixir,grains,0,3
elixir,change,0,3
elixir,parallel-letter-frequency,0,4
elixir,binary,0,3
elixir,scale-generator,0,5
elixir,luhn,0,5
elixir,markdown,1,5
elixir,gigasecond,0,3
elixir,queen-attack,0,7
elixir,pascals-triangle,0,3
elixir,saddle-points,0,5
elixir,hexadecimal,0,3
elixir,diamond,0,5
elixir,binary-search,1,3
elixir,binary-search-tree,0,3
elixir,prime-factors,0,3
elixir,perfect-numbers,0,3
elixir,diffie-hellman,0,4
elixir,sieve,0,5
elixir,wordy,0,6
elixir,robot-simulator,1,6
elixir,atbash-cipher,0,3
elixir,simple-cipher,0,3
elixir,bank-account,1,7
elixir,largest-series-product,0,4
elixir,crypto-square,0,4
elixir,pythagorean-triplet,0,5
elixir,allergies,0,4
elixir,palindrome-products,0,5
elixir,rail-fence-cipher,0,6
elixir,zipper,1,8
elixir,minesweeper,0,7
elixir,connect,0,7
elixir,difference-of-squares,0,4
elixir,poker,0,7
elixir,bowling,1,8
elixir,dot-dsl,0,8
elixir,custom-set,0,5
elixir,forth,1,10
elixir,clock,1,5
elixir,grep,0,1
elixir,say,0,3
elixir,ocr-numbers,0,6
elixir,collatz-conjecture,0,2
elixir,dominoes,0,4
elixir,transpose,0,5
elixir,isbn-verifier,0,3
elixir,spiral-matrix,0,4
elixir,alphametics,0,5
elixir,two-fer,0,1
elixir,armstrong-numbers,0,2
DEPRECATED.javascript,hello-world,1,1
DEPRECATED.javascript,two-fer,0,1
DEPRECATED.javascript,leap,1,1
DEPRECATED.javascript,reverse-string,0,2
DEPRECATED.javascript,rna-transcription,1,1
DEPRECATED.javascript,simple-cipher,1,1
DEPRECATED.javascript,pangram,1,2
DEPRECATED.javascript,bob,1,2
DEPRECATED.javascript,gigasecond,1,2
DEPRECATED.javascript,space-age,1,3
DEPRECATED.javascript,binary,1,4
DEPRECATED.javascript,prime-factors,1,4
DEPRECATED.javascript,matrix,1,4
DEPRECATED.javascript,linked-list,1,5
DEPRECATED.javascript,pascals-triangle,1,5
DEPRECATED.javascript,secret-handshake,1,6
DEPRECATED.javascript,rotational-cipher,0,6
DEPRECATED.javascript,grade-school,1,6
DEPRECATED.javascript,robot-name,1,6
DEPRECATED.javascript,wordy,1,7
DEPRECATED.javascript,list-ops,1,8
DEPRECATED.javascript,rational-numbers,0,5
DEPRECATED.javascript,hamming,0,2
DEPRECATED.javascript,run-length-encoding,0,2
DEPRECATED.javascript,isogram,0,2
DEPRECATED.javascript,beer-song,0,5
DEPRECATED.javascript,phone-number,0,3
DEPRECATED.javascript,anagram,0,1
DEPRECATED.javascript,food-chain,0,4
DEPRECATED.javascript,etl,0,2
DEPRECATED.javascript,sublist,0,4
DEPRECATED.javascript,grains,0,5
DEPRECATED.javascript,triangle,0,3
DEPRECATED.javascript,clock,0,5
DEPRECATED.javascript,perfect-numbers,0,3
DEPRECATED.javascript,word-count,0,1
DEPRECATED.javascript,acronym,0,2
DEPRECATED.javascript,scrabble-score,0,5
DEPRECATED.javascript,roman-numerals,0,3
DEPRECATED.javascript,circular-buffer,0,8
DEPRECATED.javascript,raindrops,0,2
DEPRECATED.javascript,allergies,0,6
DEPRECATED.javascript,strain,0,4
DEPRECATED.javascript,atbash-cipher,0,7
DEPRECATED.javascript,accumulate,0,5
DEPRECATED.javascript,crypto-square,0,9
DEPRECATED.javascript,trinary,0,4
DEPRECATED.javascript,sieve,0,5
DEPRECATED.javascript,octal,0,4
DEPRECATED.javascript,luhn,0,4
DEPRECATED.javascript,pig-latin,0,4
DEPRECATED.javascript,pythagorean-triplet,0,5
DEPRECATED.javascript,series,0,3
DEPRECATED.javascript,difference-of-squares,0,3
DEPRECATED.javascript,proverb,0,4
DEPRECATED.javascript,flatten-array,0,1
DEPRECATED.javascript,hexadecimal,0,4
DEPRECATED.javascript,largest-series-product,0,7
DEPRECATED.javascript,kindergarten-garden,0,7
DEPRECATED.javascript,binary-search,0,7
DEPRECATED.javascript,binary-search-tree,0,6
DEPRECATED.javascript,robot-simulator,0,5
DEPRECATED.javascript,nth-prime,0,5
DEPRECATED.javascript,palindrome-products,0,7
DEPRECATED.javascript,say,0,6
DEPRECATED.javascript,custom-set,0,6
DEPRECATED.javascript,sum-of-multiples,0,5
DEPRECATED.javascript,queen-attack,0,8
DEPRECATED.javascript,saddle-points,0,6
DEPRECATED.javascript,ocr-numbers,0,5
DEPRECATED.javascript,meetup,0,7
DEPRECATED.javascript,bracket-push,0,3
DEPRECATED.javascript,two-bucket,0,6
DEPRECATED.javascript,bowling,0,8
DEPRECATED.javascript,diamond,0,5
DEPRECATED.javascript,all-your-base,0,5
DEPRECATED.javascript,minesweeper,0,7
DEPRECATED.javascript,alphametics,0,7
DEPRECATED.javascript,simple-linked-list,0,8
DEPRECATED.javascript,diffie-hellman,0,3
DEPRECATED.javascript,change,0,8
DEPRECATED.javascript,connect,0,7
DEPRECATED.javascript,collatz-conjecture,0,1
DEPRECATED.javascript,nucleotide-count,0,0
DEPRECATED.javascript,point-mutations,0,0
DEPRECATED.javascript,twelve-days,0,4
DEPRECATED.javascript,transpose,0,1
DEPRECATED.javascript,protein-translation,0,1
DEPRECATED.javascript,zipper,0,8
DEPRECATED.javascript,isbn-verifier,0,4
DEPRECATED.javascript,forth,0,8
DEPRECATED.javascript,variable-length-quantity,0,5
DEPRECATED.javascript,rectangles,0,6
DEPRECATED.javascript,armstrong-numbers,0,2
clojure,hello-world,0,1
clojure,armstrong-numbers,0,1
clojure,two-fer,0,1
clojure,reverse-string,0,1
clojure,bob,0,1
clojure,rna-transcription,0,1
clojure,run-length-encoding,0,1
clojure,isbn-verifier,0,1
clojure,word-count,0,1
clojure,anagram,0,1
clojure,say,0,1
clojure,beer-song,0,1
clojure,collatz-conjecture,0,1
clojure,series,0,1
clojure,nucleotide-count,0,1
clojure,hamming,0,1
clojure,phone-number,0,1
clojure,clock,0,1
clojure,grade-school,0,1
clojure,complex-numbers,0,1
clojure,robot-name,0,1
clojure,leap,0,1
clojure,etl,0,1
clojure,flatten-array,0,1
clojure,sublist,0,1
clojure,binary-search,0,1
clojure,perfect-numbers,0,1
clojure,meetup,0,1
clojure,space-age,0,1
clojure,grains,0,1
clojure,gigasecond,0,1
clojure,triangle,0,1
clojure,scrabble-score,0,1
clojure,roman-numerals,0,1
clojure,binary,0,1
clojure,trinary,0,1
clojure,spiral-matrix,0,1
clojure,prime-factors,0,1
clojure,raindrops,0,1
clojure,allergies,0,1
clojure,octal,0,1
clojure,strain,0,1
clojure,atbash-cipher,0,1
clojure,bank-account,0,1
clojure,crypto-square,0,1
clojure,pascals-triangle,0,1
clojure,sum-of-multiples,0,1
clojure,sieve,0,1
clojure,luhn,0,1
clojure,kindergarten-garden,0,1
clojure,robot-simulator,0,1
clojure,queen-attack,0,1
clojure,accumulate,0,1
clojure,binary-search-tree,0,1
clojure,difference-of-squares,0,1
clojure,hexadecimal,0,1
clojure,all-your-base,0,1
clojure,largest-series-product,0,1
clojure,pov,0,1
clojure,bracket-push,0,1
clojure,minesweeper,0,1
clojure,change,0,1
clojure,pangram,0,1
clojure,wordy,0,1
clojure,isogram,0,1
clojure,acronym,0,1
clojure,nth-prime,0,1
clojure,pig-latin,0,1
clojure,secret-handshake,0,1
clojure,rotational-cipher,0,1
clojure,diamond,0,1
clojure,protein-translation,0,1
clojure,proverb,0,1
clojure,poker,0,1
clojure,dominoes,0,1
go,gigasecond,0,1
go,bob,0,2
go,acronym,0,3
go,hello-world,1,1
go,space-age,0,2
go,two-fer,1,1
go,hamming,1,1
go,raindrops,1,1
go,scrabble-score,1,1
go,isogram,1,2
go,reverse-string,0,2
go,difference-of-squares,1,2
go,luhn,1,2
go,grains,1,2
go,clock,1,3
go,parallel-letter-frequency,1,3
go,tree-building,1,3
go,robot-name,1,3
go,tournament,1,3
go,twelve-days,1,4
go,matrix,1,4
go,sublist,0,3
go,error-handling,1,5
go,flatten-array,0,3
go,bank-account,1,4
go,paasio,0,5
go,leap,0,1
go,accumulate,0,1
go,triangle,0,3
go,secret-handshake,0,5
go,house,0,4
go,pascals-triangle,0,4
go,series,0,3
go,queen-attack,0,5
go,etl,0,1
go,sum-of-multiples,0,5
go,pythagorean-triplet,0,5
go,pangram,0,2
go,crypto-square,0,3
go,food-chain,0,4
go,largest-series-product,0,3
go,sieve,0,3
go,palindrome-products,0,6
go,scale-generator,0,3
go,protein-translation,0,3
go,perfect-numbers,0,4
go,bracket-push,0,7
go,anagram,0,3
go,word-count,0,3
go,allergies,0,4
go,rail-fence-cipher,0,4
go,rna-transcription,0,2
go,roman-numerals,0,2
go,say,0,7
go,circular-buffer,0,5
go,diamond,0,4
go,react,0,9
go,custom-set,0,4
go,atbash-cipher,0,3
go,phone-number,0,3
go,strain,0,2
go,pig-latin,0,4
go,prime-factors,0,3
go,armstrong-numbers,0,3
go,transpose,0,5
go,nth-prime,0,3
go,diffie-hellman,0,5
go,beer-song,0,3
go,ocr-numbers,0,7
go,wordy,0,3
go,nucleotide-count,0,2
go,grade-school,0,5
go,saddle-points,0,5
go,meetup,0,3
go,simple-linked-list,0,4
go,linked-list,0,4
go,binary-search,0,5
go,binary-search-tree,0,5
go,kindergarten-garden,0,3
go,simple-cipher,0,3
go,pov,0,7
go,minesweeper,0,5
go,robot-simulator,0,6
go,word-search,0,4
go,all-your-base,0,3
go,connect,0,9
go,ledger,0,4
go,markdown,0,4
go,yacht,0,4
go,poker,0,5
go,variable-length-quantity,0,5
go,forth,0,8
go,change,0,5
go,bowling,0,5
go,run-length-encoding,0,4
go,collatz-conjecture,0,1
go,spiral-matrix,0,4
go,book-store,0,8
go,rotational-cipher,0,2
go,proverb,0,4
go,isbn-verifier,0,2
go,zebra-puzzle,0,6
go,dominoes,0,4
go,alphametics,0,5
go,two-bucket,0,5
go,grep,0,4
go,rectangles,0,4
go,list-ops,0,3
go,binary,0,0
go,counter,0,0
go,hexadecimal,0,0
go,octal,0,0
go,trinary,0,0
haskell,hello-world,1,1
haskell,leap,1,1
haskell,space-age,1,1
haskell,bob,1,1
haskell,pangram,1,1
haskell,collatz-conjecture,1,1
haskell,rna-transcription,1,1
haskell,sum-of-multiples,1,1
haskell,difference-of-squares,1,1
haskell,grains,1,2
haskell,acronym,0,2
haskell,perfect-numbers,0,2
haskell,hamming,0,2
haskell,nucleotide-count,0,2
haskell,grade-school,0,2
haskell,isogram,0,2
haskell,diamond,0,2
haskell,etl,0,2
haskell,raindrops,0,2
haskell,accumulate,0,3
haskell,strain,0,3
haskell,phone-number,0,3
haskell,twelve-days,0,3
haskell,isbn-verifier,0,3
haskell,run-length-encoding,0,3
haskell,beer-song,0,3
haskell,triangle,0,3
haskell,scrabble-score,0,3
haskell,kindergarten-garden,0,3
haskell,complex-numbers,0,3
haskell,robot-simulator,0,3
haskell,secret-handshake,0,3
haskell,protein-translation,0,3
haskell,anagram,0,4
haskell,simple-linked-list,0,4
haskell,list-ops,0,4
haskell,meetup,0,4
haskell,roman-numerals,0,4
haskell,prime-factors,0,4
haskell,allergies,0,4
haskell,all-your-base,0,4
haskell,largest-series-product,0,4
haskell,clock,0,4
haskell,matrix,0,4
haskell,house,0,4
haskell,pascals-triangle,0,4
haskell,pythagorean-triplet,0,4
haskell,saddle-points,0,4
haskell,series,0,4
haskell,sieve,0,4
haskell,atbash-cipher,0,5
haskell,bracket-push,0,5
haskell,crypto-square,0,5
haskell,nth-prime,0,5
haskell,word-count,0,5
haskell,binary-search-tree,0,5
haskell,luhn,0,5
haskell,queen-attack,0,5
haskell,ocr-numbers,0,5
haskell,food-chain,0,5
haskell,rotational-cipher,0,5
haskell,spiral-matrix,0,5
haskell,custom-set,0,5
haskell,parallel-letter-frequency,0,5
haskell,transpose,0,5
haskell,simple-cipher,0,6
haskell,palindrome-products,0,6
haskell,robot-name,0,6
haskell,pig-latin,0,6
haskell,say,0,6
haskell,bank-account,0,6
haskell,sublist,0,6
haskell,rail-fence-cipher,0,6
haskell,linked-list,0,6
haskell,zebra-puzzle,0,7
haskell,minesweeper,0,7
haskell,wordy,0,7
haskell,change,0,7
haskell,alphametics,0,7
haskell,bowling,0,7
haskell,poker,0,7
haskell,connect,0,8
haskell,dominoes,0,8
haskell,sgf-parsing,0,9
haskell,go-counting,0,9
haskell,lens-person,0,9
haskell,zipper,0,10
haskell,forth,0,10
haskell,pov,0,10
haskell,binary,0,0
haskell,gigasecond,0,0
haskell,hexadecimal,0,0
haskell,octal,0,0
haskell,trinary,0,0
objective-c,hello-world,0,1
objective-c,two-fer,0,1
objective-c,bob,0,1
objective-c,leap,0,1
objective-c,gigasecond,0,1
objective-c,difference-of-squares,0,1
objective-c,reverse-string,0,1
objective-c,sum-of-multiples,0,1
objective-c,space-age,0,1
objective-c,hamming,0,2
objective-c,nucleotide-count,0,2
objective-c,raindrops,0,2
objective-c,grade-school,0,2
objective-c,etl,0,2
objective-c,isogram,0,2
objective-c,flatten-array,0,2
objective-c,prime-factors,0,2
objective-c,sublist,0,3
objective-c,clock,0,3
objective-c,triangle,0,3
objective-c,robot-name,0,3
objective-c,scrabble-score,0,3
objective-c,phone-number,0,3
objective-c,perfect-numbers,0,3
objective-c,secret-handshake,0,3
objective-c,atbash-cipher,0,3
objective-c,sieve,0,3
objective-c,collatz-conjecture,0,3
objective-c,series,0,3
objective-c,strain,0,3
objective-c,beer-song,0,4
objective-c,word-count,0,4
objective-c,allergies,0,4
objective-c,meetup,0,4
objective-c,anagram,0,4
objective-c,acronym,0,4
objective-c,all-your-base,0,4
objective-c,largest-series-product,0,4
objective-c,pangram,0,4
objective-c,transpose,0,4
objective-c,binary-search,0,4
objective-c,crypto-square,0,4
objective-c,pascals-triangle,0,4
objective-c,say,0,4
objective-c,bracket-push,0,5
objective-c,roman-numerals,0,5
objective-c,run-length-encoding,0,5
objective-c,luhn,0,5
objective-c,rna-transcription,0,2
objective-c,grains,0,3
objective-c,nth-prime,0,4
ocaml,hello-world,0,1
ocaml,leap,0,1
ocaml,hamming,0,2
ocaml,raindrops,0,2
ocaml,difference-of-squares,0,2
ocaml,rna-transcription,0,2
ocaml,nucleotide-count,0,2
ocaml,etl,0,3
ocaml,grade-school,0,3
ocaml,bob,0,3
ocaml,anagram,0,3
ocaml,space-age,0,3
ocaml,triangle,0,3
ocaml,pangram,0,3
ocaml,acronym,0,3
ocaml,all-your-base,0,4
ocaml,bracket-push,0,4
ocaml,luhn,0,4
ocaml,binary-search,0,4
ocaml,phone-number,0,4
ocaml,word-count,0,4
ocaml,beer-song,0,4
ocaml,run-length-encoding,0,5
ocaml,roman-numerals,0,5
ocaml,prime-factors,0,5
ocaml,say,0,5
ocaml,palindrome-products,0,6
ocaml,robot-name,0,6
ocaml,change,0,6
ocaml,rectangles,0,6
ocaml,list-ops,0,6
ocaml,atbash-cipher,0,7
ocaml,minesweeper,0,7
ocaml,bowling,0,7
ocaml,dominoes,0,7
ocaml,custom-set,0,8
ocaml,connect,0,8
ocaml,meetup,0,9
ocaml,forth,0,9
ocaml,zipper,0,10
ocaml,react,0,10
ocaml,hangman,0,10
ocaml,hexadecimal,0,0
perl5,hello-world,0,1
perl5,two-fer,0,1
perl5,bob,0,1
perl5,leap,0,1
perl5,grains,0,1
perl5,raindrops,0,1
perl5,hamming,0,1
perl5,etl,0,1
perl5,scrabble-score,0,1
perl5,word-count,0,1
perl5,anagram,0,1
perl5,difference-of-squares,0,1
perl5,proverb,0,1
perl5,space-age,0,1
perl5,roman-numerals,0,1
perl5,clock,0,1
perl5,prime-factors,0,1
perl5,triangle,0,1
perl5,beer-song,0,1
perl5,phone-number,0,1
perl5,robot-name,0,1
perl5,atbash-cipher,0,1
perl5,accumulate,0,1
perl5,crypto-square,0,1
perl5,trinary,0,1
perl5,rna-transcription,0,1
perl5,allergies,0,1
perl5,simple-cipher,0,1
perl5,series,0,1
perl5,luhn,0,1
perl5,house,0,1
perl5,gigasecond,0,1
perl5,strain,0,1
perl5,pig-latin,0,1
perl5,linked-list,0,1
perl5,list-ops,0,1
perl5,wordy,0,1
perl5,largest-series-product,0,1
perl5,hexadecimal,0,1
perl5,secret-handshake,0,1
perl5,kindergarten-garden,0,1
perl5,nucleotide-count,0,1
perl5,binary-search,0,1
perl5,matrix,0,1
perl5,pascals-triangle,0,1
perl5,say,0,1
perl5,grade-school,0,1
perl5,meetup,0,1
perl5,queen-attack,0,1
perl5,ocr-numbers,0,1
perl5,palindrome-products,0,1
perl5,twelve-days,0,1
perl5,binary-search-tree,0,1
perl5,sum-of-multiples,0,1
perl5,sieve,0,1
perl5,food-chain,0,1
perl5,pythagorean-triplet,0,1
perl5,saddle-points,0,1
perl5,robot-simulator,0,1
perl5,minesweeper,0,1
perl5,custom-set,0,1
perl5,simple-linked-list,0,1
perl5,sublist,0,1
perl5,all-your-base,0,1
perl5,binary,0,0
perl5,point-mutations,0,0
python,hello-world,1,1
python,leap,1,1
python,reverse-string,0,1
python,isogram,0,1
python,pangram,0,1
python,rna-transcription,0,1
python,isbn-verifier,0,1
python,hamming,0,1
python,word-count,0,3
python,gigasecond,0,1
python,bob,1,1
python,yacht,0,1
python,run-length-encoding,0,1
python,meetup,0,1
python,armstrong-numbers,0,1
python,rotational-cipher,0,1
python,difference-of-squares,0,1
python,anagram,0,1
python,allergies,1,1
python,series,0,1
python,robot-simulator,0,1
python,sieve,0,1
python,atbash-cipher,0,1
python,sum-of-multiples,1,1
python,acronym,0,1
python,say,0,1
python,largest-series-product,0,1
python,kindergarten-garden,1,1
python,grade-school,1,1
python,flatten-array,0,1
python,roman-numerals,0,1
python,space-age,0,1
python,grains,0,1
python,luhn,0,1
python,etl,0,1
python,prime-factors,0,1
python,pig-latin,0,1
python,simple-cipher,0,1
python,scrabble-score,0,1
python,crypto-square,0,1
python,sublist,0,1
python,pythagorean-triplet,0,1
python,circular-buffer,0,1
python,robot-name,0,1
python,matrix,0,1
python,rail-fence-cipher,0,1
python,nth-prime,0,1
python,saddle-points,1,1
python,beer-song,0,1
python,perfect-numbers,0,1
python,secret-handshake,0,1
python,twelve-days,0,1
python,palindrome-products,0,1
python,bracket-push,0,1
python,minesweeper,0,1
python,queen-attack,0,1
python,wordy,0,1
python,phone-number,0,1
python,ocr-numbers,0,1
python,house,0,1
python,triangle,0,1
python,dot-dsl,0,5
python,transpose,0,1
python,tree-building,0,3
python,poker,0,1
python,zebra-puzzle,0,1
python,rectangles,0,1
python,binary-search,1,1
python,list-ops,1,1
python,book-store,1,1
python,simple-linked-list,0,1
python,linked-list,0,3
python,rational-numbers,0,5
python,diamond,0,1
python,variable-length-quantity,0,1
python,all-your-base,0,4
python,clock,1,2
python,grep,0,4
python,bowling,0,5
python,word-search,0,6
python,alphametics,0,6
python,tournament,0,1
python,scale-generator,0,3
python,protein-translation,0,3
python,change,0,4
python,two-fer,1,1
python,connect,0,1
python,collatz-conjecture,0,1
python,go-counting,0,4
python,complex-numbers,0,6
python,diffie-hellman,0,7
python,two-bucket,0,5
python,markdown,1,3
python,forth,0,5
python,food-chain,0,4
python,zipper,0,8
python,error-handling,0,3
python,dominoes,0,7
python,pov,0,9
python,react,0,8
python,binary-search-tree,0,4
python,custom-set,0,5
python,spiral-matrix,0,2
python,sgf-parsing,0,7
python,bank-account,0,4
python,ledger,0,5
python,rest-api,1,8
python,accumulate,0,0
python,nucleotide-count,0,0
python,octal,0,0
python,pascals-triangle,0,0
python,point-mutations,0,0
python,proverb,0,0
python,raindrops,0,0
python,strain,0,0
python,trinary,0,0
python,binary,0,0
python,hexadecimal,0,0
python,parallel-letter-frequency,0,0
scala,hello-world,1,1
scala,sum-of-multiples,1,1
scala,leap,1,1
scala,bob,1,1
scala,space-age,1,1
scala,grade-school,1,2
scala,accumulate,1,2
scala,flatten-array,0,2
scala,collatz-conjecture,0,2
scala,armstrong-numbers,0,2
scala,hamming,1,3
scala,etl,1,3
scala,perfect-numbers,1,3
scala,secret-handshake,1,3
scala,robot-simulator,1,3
scala,matrix,1,4
scala,book-store,1,5
scala,gigasecond,0,1
scala,difference-of-squares,0,1
scala,pangram,0,2
scala,raindrops,0,2
scala,phone-number,0,3
scala,strain,0,3
scala,robot-name,0,3
scala,grains,0,3
scala,scrabble-score,0,3
scala,rna-transcription,0,3
scala,triangle,0,3
scala,binary-search,0,3
scala,sieve,0,3
scala,isogram,0,3
scala,clock,0,3
scala,protein-translation,0,3
scala,beer-song,0,3
scala,house,0,4
scala,series,0,4
scala,word-count,0,4
scala,anagram,0,4
scala,nucleotide-count,0,4
scala,meetup,0,4
scala,prime-factors,0,4
scala,allergies,0,4
scala,all-your-base,0,4
scala,kindergarten-garden,0,4
scala,largest-series-product,0,4
scala,pascals-triangle,0,4
scala,pythagorean-triplet,0,4
scala,saddle-points,0,4
scala,acronym,0,4
scala,run-length-encoding,0,5
scala,roman-numerals,0,5
scala,simple-linked-list,0,5
scala,atbash-cipher,0,5
scala,simple-cipher,0,5
scala,bank-account,0,5
scala,crypto-square,0,5
scala,bracket-push,0,5
scala,queen-attack,0,5
scala,luhn,0,5
scala,food-chain,0,5
scala,linked-list,0,5
scala,spiral-matrix,0,5
scala,custom-set,0,5
scala,parallel-letter-frequency,0,5
scala,nth-prime,0,6
scala,palindrome-products,0,6
scala,ocr-numbers,0,6
scala,pig-latin,0,6
scala,binary-search-tree,0,6
scala,rail-fence-cipher,0,6
scala,bowling,0,6
scala,dominoes,0,7
scala,sublist,0,7
scala,minesweeper,0,7
scala,wordy,0,7
scala,change,0,7
scala,connect,0,8
scala,zebra-puzzle,0,8
scala,say,0,8
scala,alphametics,0,9
scala,sgf-parsing,0,9
scala,lens-person,0,9
scala,variable-length-quantity,0,9
scala,zipper,0,10
scala,forth,0,10
scala,binary,0,0
scala,hexadecimal,0,0
scala,octal,0,0
scala,trinary,0,0
scala,diamond,0,4
scala,complex-numbers,0,6
scala,rotational-cipher,0,5
erlang,hello-world,1,1
erlang,leap,1,1
erlang,accumulate,1,1
erlang,collatz-conjecture,1,1
erlang,raindrops,1,1
erlang,rna-transcription,1,2
erlang,bob,1,2
erlang,strain,1,2
erlang,hamming,1,2
erlang,space-age,1,2
erlang,secret-handshake,0,1
erlang,grains,0,2
erlang,isogram,0,2
erlang,pangram,0,2
erlang,nucleotide-count,0,2
erlang,difference-of-squares,0,2
erlang,triangle,0,2
erlang,sum-of-multiples,0,3
erlang,perfect-numbers,0,2
erlang,armstrong-numbers,0,2
erlang,anagram,0,3
erlang,atbash-cipher,0,3
erlang,phone-number,0,3
erlang,isbn-verifier,0,3
erlang,bracket-push,0,3
erlang,gigasecond,0,3
erlang,scrabble-score,0,3
erlang,two-fer,0,3
erlang,run-length-encoding,0,3
erlang,protein-translation,0,3
erlang,robot-simulator,0,4
erlang,grade-school,0,4
erlang,word-count,0,4
erlang,clock,0,4
erlang,allergies,0,4
erlang,all-your-base,0,4
erlang,series,0,4
erlang,parallel-letter-frequency,0,4
erlang,roman-numerals,0,4
erlang,sieve,0,4
erlang,saddle-points,0,4
erlang,largest-series-product,0,5
erlang,complex-numbers,0,5
erlang,rotational-cipher,0,5
erlang,change,0,5
erlang,variable-length-quantity,0,5
erlang,etl,0,6
erlang,bank-account,0,6
erlang,luhn,0,6
erlang,custom-set,0,6
erlang,meetup,0,6
erlang,crypto-square,0,6
erlang,rail-fence-cipher,0,6
erlang,pascals-triangle,0,6
erlang,palindrome-products,0,6
erlang,circular-buffer,0,7
erlang,minesweeper,0,7
erlang,beer-song,0,7
erlang,dominoes,0,8
erlang,zipper,0,8
erlang,spiral-matrix,0,8
erlang,connect,0,8
common-lisp,hello-world,1,1
common-lisp,acronym,0,1
common-lisp,hamming,1,1
common-lisp,sublist,0,1
common-lisp,leap,1,1
common-lisp,grains,0,1
common-lisp,gigasecond,0,1
common-lisp,bob,1,1
common-lisp,rna-transcription,1,1
common-lisp,robot-name,0,2
common-lisp,word-count,1,2
common-lisp,raindrops,0,1
common-lisp,grade-school,0,2
common-lisp,phone-number,0,2
common-lisp,etl,0,1
common-lisp,beer-song,1,2
common-lisp,space-age,0,1
common-lisp,anagram,1,1
common-lisp,nucleotide-count,0,1
common-lisp,collatz-conjecture,0,1
common-lisp,perfect-numbers,0,1
common-lisp,isogram,0,1
common-lisp,meetup,0,3
common-lisp,triangle,0,1
common-lisp,difference-of-squares,0,1
common-lisp,roman-numerals,1,1
common-lisp,scrabble-score,0,1
common-lisp,binary,0,1
common-lisp,allergies,0,1
common-lisp,sieve,1,1
common-lisp,strain,0,1
common-lisp,atbash-cipher,0,2
common-lisp,prime-factors,0,2
common-lisp,crypto-square,0,3
common-lisp,trinary,0,1
common-lisp,pascals-triangle,0,1
php,hello-world,0,1
php,hamming,0,2
php,gigasecond,0,2
php,bob,0,4
php,run-length-encoding,0,1
php,pangram,0,4
php,rna-transcription,0,3
php,raindrops,0,6
php,isogram,0,4
php,difference-of-squares,0,2
php,largest-series-product,0,5
php,roman-numerals,0,4
php,sieve,0,1
php,pig-latin,0,4
php,robot-name,0,3
php,leap,0,1
php,word-count,0,1
php,anagram,0,1
php,trinary,0,1
php,bowling,0,1
php,clock,0,1
php,wordy,0,1
php,connect,0,1
php,minesweeper,0,1
php,change,0,1
php,phone-number,0,1
php,beer-song,0,1
php,atbash-cipher,0,1
php,bracket-push,0,1
php,binary,0,1
php,accumulate,0,1
php,variable-length-quantity,0,1
php,acronym,0,1
php,nucleotide-count,0,1
php,triangle,0,1
php,etl,0,1
php,space-age,0,1
php,allergies,0,3
php,markdown,0,3
php,grains,0,3
php,robot-simulator,0,3
php,ocr-numbers,0,3
php,book-store,0,3
php,queen-attack,0,2
php,scrabble-score,0,2
php,grade-school,0,6
php,luhn,0,4
php,perfect-numbers,0,1
php,sum-of-multiples,0,2
php,pascals-triangle,0,3
php,nth-prime,0,3
php,binary-search,0,3
php,prime-factors,0,3
php,flatten-array,0,2
php,collatz-conjecture,0,1
php,crypto-square,0,1
php,series,0,1
php,transpose,0,1
php,meetup,0,1
php,all-your-base,0,1
php,rail-fence-cipher,0,1
rust,hello-world,1,1
rust,gigasecond,0,1
rust,leap,0,1
rust,raindrops,0,1
rust,reverse-string,0,1
rust,nth-prime,0,1
rust,bob,0,1
rust,beer-song,0,1
rust,proverb,0,1
rust,difference-of-squares,0,1
rust,sum-of-multiples,0,1
rust,grains,0,1
rust,pythagorean-triplet,1,1
rust,prime-factors,0,1
rust,series,0,1
rust,armstrong-numbers,0,1
rust,collatz-conjecture,0,1
rust,diffie-hellman,0,1
rust,saddle-points,1,4
rust,isogram,0,4
rust,say,0,4
rust,run-length-encoding,0,4
rust,isbn-verifier,0,4
rust,perfect-numbers,0,4
rust,clock,1,4
rust,dot-dsl,0,4
rust,hamming,0,4
rust,simple-linked-list,0,4
rust,pascals-triangle,0,4
rust,scrabble-score,0,4
rust,pangram,0,4
rust,nucleotide-count,0,4
rust,luhn,1,4
rust,largest-series-product,0,4
rust,word-count,0,4
rust,atbash-cipher,1,4
rust,crypto-square,0,4
rust,rotational-cipher,0,4
rust,simple-cipher,0,4
rust,etl,0,4
rust,accumulate,0,4
rust,acronym,0,4
rust,sieve,0,4
rust,rna-transcription,0,4
rust,triangle,0,4
rust,roman-numerals,0,4
rust,all-your-base,0,4
rust,grade-school,0,4
rust,binary-search,0,4
rust,robot-simulator,0,4
rust,bracket-push,1,4
rust,luhn-from,0,4
rust,queen-attack,0,4
rust,bowling,0,4
rust,sublist,1,4
rust,space-age,1,4
rust,luhn-trait,0,4
rust,macros,1,4
rust,allergies,0,4
rust,variable-length-quantity,0,4
rust,phone-number,0,4
rust,wordy,0,4
rust,tournament,0,4
rust,custom-set,0,4
rust,alphametics,0,4
rust,two-bucket,0,4
rust,pig-latin,0,4
rust,diamond,0,4
rust,spiral-matrix,0,4
rust,palindrome-products,0,4
rust,poker,1,7
rust,grep,0,7
rust,decimal,0,7
rust,anagram,1,7
rust,protein-translation,0,7
rust,robot-name,0,7
rust,book-store,0,7
rust,ocr-numbers,0,10
rust,minesweeper,1,10
rust,dominoes,0,10
rust,parallel-letter-frequency,1,10
rust,rectangles,0,10
rust,forth,1,10
rust,circular-buffer,0,10
rust,react,0,10
rust,two-fer,0,1
rust,nucleotide-codons,0,0
rust,hexadecimal,0,0
csharp,hello-world,1,1
csharp,reverse-string,0,1
csharp,leap,1,1
csharp,bob,1,1
csharp,sum-of-multiples,1,1
csharp,raindrops,1,2
csharp,two-fer,1,1
csharp,nucleotide-count,1,2
csharp,accumulate,1,2
csharp,grade-school,1,2
csharp,collatz-conjecture,0,2
csharp,armstrong-numbers,0,2
csharp,rational-numbers,0,4
csharp,kindergarten-garden,1,3
csharp,clock,1,3
csharp,binary-search,1,3
csharp,allergies,1,4
csharp,saddle-points,1,4
csharp,markdown,1,5
csharp,book-store,1,5
csharp,gigasecond,0,1
csharp,rna-transcription,0,1
csharp,space-age,0,1
csharp,difference-of-squares,0,1
csharp,hamming,0,2
csharp,grains,0,2
csharp,pangram,0,2
csharp,etl,0,2
csharp,phone-number,0,3
csharp,strain,0,3
csharp,scrabble-score,0,3
csharp,proverb,0,3
csharp,robot-name,0,3
csharp,protein-translation,0,3
csharp,error-handling,0,3
csharp,perfect-numbers,0,3
csharp,triangle,0,3
csharp,beer-song,0,3
csharp,sieve,0,3
csharp,queen-attack,0,3
csharp,robot-simulator,0,3
csharp,isogram,0,3
csharp,secret-handshake,0,3
csharp,bank-account,0,4
csharp,acronym,0,4
csharp,simple-linked-list,0,4
csharp,matrix,0,4
csharp,rotational-cipher,0,4
csharp,largest-series-product,0,4
csharp,house,0,4
csharp,pythagorean-triplet,0,4
csharp,series,0,4
csharp,twelve-days,0,4
csharp,anagram,0,4
csharp,word-count,0,4
csharp,prime-factors,0,4
csharp,meetup,0,4
csharp,all-your-base,0,4
csharp,pascals-triangle,0,4
csharp,isbn-verifier,0,4
csharp,list-ops,0,5
csharp,simple-cipher,0,5
csharp,roman-numerals,0,5
csharp,flatten-array,0,5
csharp,binary-search-tree,0,5
csharp,minesweeper,0,5
csharp,parallel-letter-frequency,0,5
csharp,atbash-cipher,0,5
csharp,food-chain,0,5
csharp,grep,0,5
csharp,sublist,0,5
csharp,tree-building,0,5
csharp,scale-generator,0,5
csharp,bracket-push,0,5
csharp,linked-list,0,5
csharp,crypto-square,0,5
csharp,ledger,0,5
csharp,custom-set,0,5
csharp,dot-dsl,0,5
csharp,ocr-numbers,0,5
csharp,circular-buffer,0,5
csharp,luhn,0,5
csharp,run-length-encoding,0,5
csharp,spiral-matrix,0,5
csharp,yacht,0,5
csharp,tournament,0,6
csharp,word-search,0,6
csharp,bowling,0,6
csharp,transpose,0,6
csharp,nth-prime,0,6
csharp,pig-latin,0,6
csharp,rail-fence-cipher,0,6
csharp,change,0,6
csharp,palindrome-products,0,6
csharp,complex-numbers,0,6
csharp,poker,0,7
csharp,diffie-hellman,0,7
csharp,dominoes,0,7
csharp,rectangles,0,7
csharp,wordy,0,7
csharp,zebra-puzzle,0,8
csharp,hangman,0,8
csharp,diamond,0,8
csharp,two-bucket,0,8
csharp,connect,0,8
csharp,say,0,8
csharp,react,0,9
csharp,variable-length-quantity,0,9
csharp,go-counting,0,9
csharp,sgf-parsing,0,9
csharp,zipper,0,10
csharp,alphametics,0,10
csharp,forth,0,10
csharp,pov,0,10
csharp,binary,0,0
csharp,trinary,0,0
csharp,octal,0,0
csharp,hexadecimal,0,0
perl6,hello-world,1,1
perl6,two-fer,0,1
perl6,leap,1,2
perl6,bob,1,3
perl6,nucleotide-count,1,3
perl6,pangram,1,2
perl6,clock,1,3
perl6,raindrops,1,3
perl6,phone-number,1,4
perl6,allergies,1,5
perl6,hamming,0,3
perl6,rna-transcription,0,2
perl6,etl,0,3
perl6,wordy,0,6
perl6,scrabble-score,0,5
perl6,luhn,0,5
perl6,meetup,0,5
perl6,word-count,0,4
perl6,flatten-array,0,4
perl6,grade-school,0,4
perl6,accumulate,0,2
perl6,grains,0,3
perl6,all-your-base,1,6
perl6,anagram,0,4
perl6,robot-name,1,6
perl6,atbash-cipher,0,5
perl6,space-age,0,4
perl6,linked-list,0,6
perl6,acronym,0,3
perl6,roman-numerals,0,5
perl6,binary,0,0
perl6,trinary,0,0
cpp,hello-world,1,1
cpp,leap,1,1
cpp,gigasecond,1,2
cpp,hamming,0,3
cpp,bob,0,5
cpp,anagram,0,5
cpp,etl,0,3
cpp,word-count,0,5
cpp,difference-of-squares,0,3
cpp,nucleotide-count,0,3
cpp,food-chain,0,7
cpp,phone-number,0,5
cpp,grade-school,0,3
cpp,robot-name,0,5
cpp,sum-of-multiples,0,3
cpp,space-age,1,1
cpp,meetup,0,5
cpp,scrabble-score,0,3
cpp,triangle,1,3
cpp,grains,1,2
cpp,raindrops,1,2
cpp,roman-numerals,0,7
cpp,binary,0,3
cpp,prime-factors,0,5
cpp,crypto-square,0,7
cpp,trinary,0,3
cpp,rna-transcription,0,3
cpp,say,0,10
cpp,sieve,0,5
cpp,series,0,5
cpp,clock,0,5
cpp,beer-song,0,7
cpp,nth-prime,0,5
cpp,hexadecimal,0,3
cpp,queen-attack,0,5
cpp,allergies,0,3
cpp,atbash-cipher,0,3
cpp,bracket-push,0,3
cpp,pangram,1,2
d,hello-world,0,1
d,leap,0,1
d,gigasecond,0,1
d,rna-transcription,0,2
d,raindrops,0,1
d,bob,0,2
d,etl,0,2
d,hamming,0,2
d,nucleotide-count,0,3
d,robot-name,0,3
d,difference-of-squares,0,2
d,roman-numerals,0,3
d,series,0,3
d,triangle,0,2
d,crypto-square,0,3
d,circular-buffer,0,4
d,pangram,0,1
d,react,0,10
javascript,zipper,0,8
javascript,point-mutations,0,0
javascript,forth,0,8
javascript,hello-world,1,1
javascript,leap,1,1
javascript,reverse-string,0,2
javascript,rna-transcription,1,1
javascript,simple-cipher,1,1
javascript,pangram,1,2
javascript,bob,1,2
javascript,gigasecond,1,2
javascript,space-age,1,3
javascript,binary,0,4
javascript,prime-factors,1,4
javascript,matrix,1,4
javascript,linked-list,1,5
javascript,pascals-triangle,1,5
javascript,secret-handshake,1,6
javascript,grade-school,1,6
javascript,robot-name,1,6
javascript,wordy,1,7
javascript,list-ops,1,8
javascript,two-fer,0,1
javascript,hamming,0,2
javascript,isogram,0,2
javascript,beer-song,0,5
javascript,phone-number,0,3
javascript,anagram,0,1
javascript,food-chain,0,4
javascript,etl,0,2
javascript,sublist,0,4
javascript,word-search,0,8
javascript,grains,0,5
javascript,triangle,0,3
javascript,collatz-conjecture,0,3
javascript,clock,0,5
javascript,perfect-numbers,0,3
javascript,word-count,0,1
javascript,run-length-encoding,0,2
javascript,acronym,0,2
javascript,scrabble-score,0,5
javascript,roman-numerals,0,3
javascript,circular-buffer,0,8
javascript,react,0,8
javascript,raindrops,0,2
javascript,allergies,0,6
javascript,strain,0,4
javascript,atbash-cipher,0,7
javascript,accumulate,0,5
javascript,crypto-square,0,9
javascript,trinary,0,4
javascript,sieve,0,5
javascript,octal,0,4
javascript,luhn,0,4
javascript,pig-latin,0,4
javascript,pythagorean-triplet,0,5
javascript,series,0,3
javascript,difference-of-squares,0,3
javascript,proverb,0,4
javascript,flatten-array,0,5
javascript,hexadecimal,0,4
javascript,largest-series-product,0,7
javascript,kindergarten-garden,0,7
javascript,house,0,4
javascript,binary-search,0,7
javascript,binary-search-tree,0,6
javascript,robot-simulator,0,5
javascript,nth-prime,0,5
javascript,palindrome-products,0,7
javascript,say,0,6
javascript,custom-set,0,6
javascript,sum-of-multiples,0,5
javascript,queen-attack,0,8
javascript,saddle-points,0,6
javascript,ocr-numbers,0,5
javascript,meetup,0,7
javascript,bracket-push,0,3
javascript,two-bucket,0,6
javascript,bowling,0,8
javascript,diamond,0,5
javascript,all-your-base,0,5
javascript,minesweeper,0,7
javascript,alphametics,0,7
javascript,simple-linked-list,0,8
javascript,connect,0,7
javascript,diffie-hellman,0,3
javascript,change,0,8
javascript,twelve-days,0,4
javascript,complex-numbers,0,4
javascript,isbn-verifier,0,4
javascript,transpose,0,1
javascript,protein-translation,0,1
javascript,spiral-matrix,0,4
javascript,rectangles,0,4
javascript,rotational-cipher,0,2
javascript,nucleotide-count,0,4
javascript,armstrong-numbers,0,2
javascript,rational-numbers,0,5
javascript,variable-length-quantity,0,5
fsharp,hello-world,1,1
fsharp,leap,1,1
fsharp,bob,1,1
fsharp,sum-of-multiples,1,1
fsharp,two-fer,1,1
fsharp,space-age,1,1
fsharp,raindrops,1,2
fsharp,accumulate,1,2
fsharp,grade-school,1,2
fsharp,collatz-conjecture,0,2
fsharp,armstrong-numbers,0,2
fsharp,beer-song,1,3
fsharp,queen-attack,1,3
fsharp,kindergarten-garden,1,3
fsharp,clock,1,3
fsharp,robot-simulator,1,3
fsharp,allergies,1,4
fsharp,ocr-numbers,1,5
fsharp,tree-building,1,5
fsharp,binary-search-tree,0,5
fsharp,pig-latin,1,6
fsharp,difference-of-squares,0,1
fsharp,gigasecond,0,1
fsharp,reverse-string,0,1
fsharp,rna-transcription,0,1
fsharp,grains,0,2
fsharp,hamming,0,2
fsharp,nucleotide-count,0,2
fsharp,pangram,0,2
fsharp,etl,0,2
fsharp,triangle,0,3
fsharp,robot-name,0,3
fsharp,error-handling,0,3
fsharp,scrabble-score,0,3
fsharp,proverb,0,3
fsharp,protein-translation,0,3
fsharp,strain,0,3
fsharp,isogram,0,3
fsharp,sieve,0,3
fsharp,phone-number,0,3
fsharp,perfect-numbers,0,3
fsharp,binary-search,0,3
fsharp,secret-handshake,0,3
fsharp,word-count,0,4
fsharp,twelve-days,0,4
fsharp,meetup,0,4
fsharp,anagram,0,4
fsharp,series,0,4
fsharp,simple-linked-list,0,4
fsharp,acronym,0,4
fsharp,matrix,0,4
fsharp,all-your-base,0,4
fsharp,largest-series-product,0,4
fsharp,house,0,4
fsharp,pythagorean-triplet,0,4
fsharp,saddle-points,0,4
fsharp,pascals-triangle,0,4
fsharp,list-ops,0,4
fsharp,prime-factors,0,4
fsharp,isbn-verifier,0,4
fsharp,roman-numerals,0,5
fsharp,dot-dsl,0,5
fsharp,parallel-letter-frequency,0,5
fsharp,linked-list,0,5
fsharp,simple-cipher,0,5
fsharp,rotational-cipher,0,5
fsharp,scale-generator,0,5
fsharp,atbash-cipher,0,5
fsharp,food-chain,0,5
fsharp,grep,0,5
fsharp,custom-set,0,5
fsharp,crypto-square,0,5
fsharp,ledger,0,5
fsharp,circular-buffer,0,5
fsharp,luhn,0,5
fsharp,bank-account,0,5
fsharp,markdown,0,5
fsharp,run-length-encoding,0,5
fsharp,book-store,0,5
fsharp,spiral-matrix,0,5
fsharp,yacht,0,5
fsharp,tournament,0,6
fsharp,word-search,0,6
fsharp,bowling,0,6
fsharp,transpose,0,6
fsharp,nth-prime,0,6
fsharp,palindrome-products,0,6
fsharp,complex-numbers,0,6
fsharp,rational-numbers,0,6
fsharp,rail-fence-cipher,0,6
fsharp,bracket-push,0,7
fsharp,sublist,0,7
fsharp,change,0,7
fsharp,minesweeper,0,7
fsharp,diffie-hellman,0,7
fsharp,dominoes,0,7
fsharp,rectangles,0,7
fsharp,wordy,0,7
fsharp,hangman,0,8
fsharp,zebra-puzzle,0,8
fsharp,poker,0,8
fsharp,diamond,0,8
fsharp,two-bucket,0,8
fsharp,connect,0,8
fsharp,say,0,8
fsharp,react,0,9
fsharp,variable-length-quantity,0,9
fsharp,go-counting,0,9
fsharp,lens-person,0,9
fsharp,sgf-parsing,0,9
fsharp,alphametics,0,9
fsharp,zipper,0,10
fsharp,forth,0,10
fsharp,pov,0,10
fsharp,binary,0,0
fsharp,trinary,0,0
fsharp,octal,0,0
fsharp,hexadecimal,0,0
lua,hello-world,1,1
lua,hamming,1,2
lua,house,1,3
lua,raindrops,0,1
lua,bob,0,3
lua,difference-of-squares,1,2
lua,variable-length-quantity,0,6
lua,anagram,0,6
lua,octal,0,4
lua,binary-search,1,4
lua,bracket-push,0,5
lua,flatten-array,0,5
lua,word-count,0,3
lua,pangram,0,3
lua,matrix,1,3
lua,beer-song,0,3
lua,isogram,1,2
lua,perfect-numbers,0,3
lua,etl,0,3
lua,nucleotide-count,0,3
lua,food-chain,0,3
lua,sum-of-multiples,0,2
lua,rna-transcription,0,3
lua,phone-number,0,3
lua,bank-account,1,3
lua,protein-translation,0,3
lua,grade-school,0,4
lua,nth-prime,1,4
lua,diamond,1,4
lua,run-length-encoding,1,5
lua,sublist,0,4
lua,robot-name,1,4
lua,robot-simulator,0,3
lua,pythagorean-triplet,0,3
lua,leap,1,1
lua,space-age,0,2
lua,pascals-triangle,0,5
lua,sieve,0,4
lua,grains,0,2
lua,kindergarten-garden,0,5
lua,custom-set,1,6
lua,gigasecond,0,2
lua,word-search,0,7
lua,luhn,0,4
lua,triangle,0,3
lua,clock,0,3
lua,series,0,4
lua,linked-list,0,4
lua,ocr-numbers,0,7
lua,pig-latin,1,5
lua,minesweeper,0,7
lua,crypto-square,0,5
lua,list-ops,1,4
lua,meetup,0,6
lua,atbash-cipher,0,3
lua,scrabble-score,0,3
lua,largest-series-product,0,5
lua,rail-fence-cipher,0,7
lua,roman-numerals,0,4
lua,transpose,0,7
lua,tournament,0,5
lua,circular-buffer,0,4
lua,binary-search-tree,0,5
lua,bowling,0,4
lua,binary,1,3
lua,alphametics,0,8
lua,prime-factors,0,4
lua,acronym,0,4
lua,all-your-base,0,4
lua,rectangles,0,8
lua,allergies,1,4
lua,say,0,7
lua,pov,0,9
lua,change,0,4
lua,secret-handshake,0,3
lua,react,0,8
lua,collatz-conjecture,0,3
lua,queen-attack,0,3
lua,isbn-verifier,0,3
lua,reverse-string,0,3
lua,accumulate,0,0
swift,hello-world,0,1
swift,two-fer,0,1
swift,leap,0,1
swift,gigasecond,0,1
swift,difference-of-squares,0,1
swift,rna-transcription,0,1
swift,sum-of-multiples,0,1
swift,space-age,0,1
swift,bob,0,2
swift,grains,0,2
swift,hamming,0,2
swift,nucleotide-count,0,2
swift,accumulate,0,2
swift,raindrops,0,2
swift,grade-school,0,2
swift,etl,0,2
swift,isogram,0,2
swift,list-ops,0,2
swift,clock,0,3
swift,triangle,0,3
swift,robot-name,0,3
swift,scrabble-score,0,3
swift,kindergarten-garden,0,3
swift,queen-attack,0,3
swift,strain,0,3
swift,sieve,0,3
swift,phone-number,0,3
swift,perfect-numbers,0,3
swift,robot-simulator,0,3
swift,binary-search,0,3
swift,flatten-array,0,3
swift,sublist,0,3
swift,secret-handshake,0,3
swift,collatz-conjecture,0,3
swift,diamond,0,3
swift,isbn-verifier,0,3
swift,protein-translation,0,3
swift,circular-buffer,0,3
swift,scale-generator,0,3
swift,proverb,0,3
swift,word-count,0,4
swift,allergies,0,4
swift,beer-song,0,4
swift,twelve-days,0,4
swift,meetup,0,4
swift,anagram,0,4
swift,series,0,4
swift,simple-linked-list,0,4
swift,acronym,0,4
swift,matrix,0,4
swift,all-your-base,0,4
swift,largest-series-product,0,4
swift,house,0,4
swift,pythagorean-triplet,0,4
swift,saddle-points,0,4
swift,pascals-triangle,0,4
swift,prime-factors,0,4
swift,pangram,0,4
swift,rotational-cipher,0,4
swift,say,0,4
swift,roman-numerals,0,5
swift,binary-search-tree,0,5
swift,ocr-numbers,0,5
swift,linked-list,0,5
swift,simple-cipher,0,5
swift,atbash-cipher,0,5
swift,food-chain,0,5
swift,custom-set,0,5
swift,crypto-square,0,5
swift,luhn,0,5
swift,run-length-encoding,0,5
swift,tournament,0,6
swift,bowling,0,6
swift,nth-prime,0,6
swift,palindrome-products,0,6
swift,pig-latin,0,6
swift,transpose,0,6
swift,complex-numbers,0,6
swift,bracket-push,0,7
swift,minesweeper,0,7
swift,dominoes,0,7
swift,wordy,0,7
swift,poker,0,8
swift,binary,0,0
swift,trinary,0,0
swift,octal,0,0
swift,hexadecimal,0,0
nim,hello-world,1,1
nim,two-fer,1,1
nim,leap,1,1
nim,reverse-string,0,1
nim,isogram,0,1
nim,pangram,0,1
nim,rna-transcription,0,1
nim,hamming,0,1
nim,word-count,0,3
nim,gigasecond,0,1
nim,bob,1,1
nim,run-length-encoding,0,1
nim,armstrong-numbers,0,1
nim,difference-of-squares,0,1
nim,anagram,0,1
nim,allergies,1,1
nim,atbash-cipher,0,1
nim,sum-of-multiples,1,1
nim,collatz-conjecture,0,1
nim,acronym,0,1
nim,grade-school,1,1
nim,roman-numerals,0,1
nim,space-age,0,1
nim,scrabble-score,0,1
nim,nth-prime,0,1
nim,bracket-push,0,1
nim,queen-attack,0,1
nim,triangle,0,1
nim,binary,0,1
nim,nucleotide-count,0,1
nim,raindrops,0,1
nim,react,0,8
bash,hello-world,1,1
bash,reverse-string,0,1
bash,two-fer,0,1
bash,grains,1,2
bash,scrabble-score,0,2
bash,armstrong-numbers,1,2
bash,difference-of-squares,0,2
bash,error-handling,0,2
bash,hamming,1,2
bash,leap,0,2
bash,pangram,1,2
bash,raindrops,0,2
bash,rna-transcription,0,2
bash,acronym,0,3
bash,anagram,0,3
bash,bob,1,3
bash,collatz-conjecture,0,3
bash,nucleotide-count,0,3
bash,phone-number,0,3
bash,triangle,0,3
bash,word-count,0,3
bash,gigasecond,0,4
bash,luhn,1,4
bash,atbash-cipher,1,5
bash,roman-numerals,0,4
bash,affine-cipher,0,6
bash,isogram,0,3
bash,diamond,0,4
bash,isbn-verifier,0,4
powershell,hello-world,1,1
powershell,reverse-string,0,1
powershell,leap,0,1
powershell,bob,1,1
powershell,sum-of-multiples,1,1
powershell,raindrops,1,2
powershell,two-fer,0,1
powershell,nucleotide-count,1,2
powershell,hamming,0,1
r,hello-world,1,1
r,leap,1,1
r,hamming,1,1
r,rna-transcription,0,1
r,difference-of-squares,0,1
r,raindrops,1,1
r,grains,0,1
r,bob,1,2
r,anagram,1,3
r,space-age,0,1
r,sum-of-multiples,1,2
r,word-count,1,2
r,phone-number,1,2
r,rotational-cipher,1,3
r,scrabble-score,0,2
r,isogram,0,2
r,beer-song,0,3
r,perfect-numbers,0,2
r,prime-factors,0,3
r,sieve,0,3
r,largest-series-product,1,3
r,luhn,0,3
r,secret-handshake,0,2
r,pascals-triangle,1,3
r,tournament,0,4
r,nucleotide-count,0,2
r,pangram,0,2
r,triangle,0,3
r,collatz-conjecture,0,2
r,allergies,0,3
r,crypto-square,0,4
r,diamond,0,3
r,acronym,0,1
c,hello-world,1,1
c,isogram,1,1
c,acronym,0,1
c,word-count,0,3
c,pangram,0,3
c,gigasecond,1,1
c,space-age,0,1
c,meetup,0,4
c,hamming,1,2
c,rna-transcription,0,2
c,nucleotide-count,0,2
c,grains,1,1
c,leap,0,1
c,beer-song,1,2
c,raindrops,0,2
c,bob,0,5
c,difference-of-squares,1,1
c,sum-of-multiples,0,4
c,binary-search,1,2
c,anagram,0,5
c,roman-numerals,1,3
c,allergies,1,4
c,atbash-cipher,1,5
c,series,0,2
c,react,0,10
c,phone-number,1,4
c,clock,1,2
c,sieve,1,2
c,nth-prime,0,4
c,robot-simulator,1,2
c,pascals-triangle,1,1
c,triangle,0,1
c,perfect-numbers,0,1
c,collatz-conjecture,0,2
c,binary,1,1
c,all-your-base,0,3
c,palindrome-products,1,2
c,sublist,0,4
c,largest-series-product,0,5
c,scrabble-score,1,4
c,queen-attack,1,1
c,linked-list,1,4
c,complex-numbers,0,2
c,etl,0,2
c,prime-factors,0,2
c,luhn,0,2
c,bracket-push,0,5
c,say,0,6
c,crypto-square,0,6
c,secret-handshake,0,3
c,pig-latin,0,4
c,minesweeper,0,3
c,run-length-encoding,0,4
c,two-fer,0,1
c,wordy,0,4
c,binary-search-tree,0,6
c,diamond,0,3
sml,hello-world,1,1
sml,two-fer,1,1
sml,leap,1,1
sml,all-your-base,0,1
sml,bob,0,1
sml,accumulate,0,1
sml,allergies,0,1
sml,anagram,0,1
sml,flatten-array,0,1
sml,hamming,0,1
sml,raindrops,0,1
sml,nth-prime,0,1
sml,difference-of-squares,0,1
sml,atbash-cipher,0,1
sml,perfect-numbers,0,1
sml,pangram,0,1
sml,prime-factors,0,1
sml,list-ops,0,1
sml,rna-transcription,0,1
sml,collatz-conjecture,0,1
sml,sum-of-multiples,0,1
sml,phone-number,0,1
sml,roman-numerals,0,1
sml,diamond,0,1
sml,pig-latin,0,1
sml,binary,0,0
vbnet,bob,0,1
vbnet,anagram,0,1
vbnet,binary,0,1
vbnet,allergies,0,1
vbnet,atbash-cipher,0,1
vbnet,accumulate,0,1
vbnet,crypto-square,0,1
groovy,hello-world,0,1
groovy,hamming,0,2
groovy,gigasecond,0,4
groovy,raindrops,0,3
groovy,rna-transcription,0,2
groovy,difference-of-squares,0,2
groovy,leap,0,1
groovy,two-fer,1,1
groovy,nth-prime,0,4
groovy,robot-name,0,3
groovy,roman-numerals,0,4
groovy,grains,0,2
groovy,word-count,0,3
groovy,phone-number,0,3
groovy,triangle,0,3
groovy,scrabble-score,0,3
groovy,binary-search,0,4
groovy,double-linked-list,1,6
groovy,rotational-cipher,1,4
groovy,flatten-array,0,5
groovy,bank-account,1,6
plsql,hello-world,0,1
plsql,hamming,0,1
plsql,gigasecond,0,1
plsql,rna-transcription,0,1
plsql,raindrops,0,1
plsql,difference-of-squares,0,1
plsql,roman-numerals,0,1
plsql,nth-prime,0,1
plsql,leap,0,1
plsql,grains,0,1
plsql,binary,0,1
scheme,hello-world,0,1
scheme,hamming,0,1
scheme,leap,0,1
scheme,grains,0,1
scheme,bob,0,1
scheme,raindrops,0,1
scheme,rna-transcription,0,1
scheme,robot-name,0,1
scheme,phone-number,0,1
scheme,anagram,0,1
scheme,nucleotide-count,0,1
scheme,difference-of-squares,0,1
scheme,list-ops,0,1
scheme,scrabble-score,0,1
scheme,word-count,0,1
scheme,two-fer,0,1
scheme,atbash-cipher,0,1
cfml,hello-world,0,1
cfml,leap,0,1
cfml,raindrops,0,1
cfml,scrabble-score,0,1
cfml,difference-of-squares,0,1
cfml,secret-handshake,0,1
cfml,space-age,0,1
cfml,acronym,0,1
cfml,rna-transcription,0,1
cfml,pangram,0,1
cfml,hamming,0,1
cfml,gigasecond,0,1
cfml,sum-of-multiples,0,1
cfml,luhn,0,1
cfml,triangle,0,1
cfml,largest-series-product,0,1
cfml,grains,0,1
cfml,atbash-cipher,0,1
cfml,nth-prime,0,1
cfml,pig-latin,0,1
cfml,flatten-array,0,1
cfml,saddle-points,0,1
cfml,diamond,0,1
cfml,isogram,0,1
cfml,bob,0,1
cfml,word-count,0,1
cfml,markdown,0,5
cfml,anagram,0,1
elisp,hello-world,1,1
elisp,two-fer,1,1
elisp,bob,1,1
elisp,difference-of-squares,1,1
elisp,gigasecond,0,1
elisp,hamming,1,1
elisp,pangram,0,1
elisp,anagram,0,1
elisp,binary,0,1
elisp,leap,0,1
elisp,allergies,0,1
elisp,robot-name,0,1
elisp,rna-transcription,0,1
elisp,atbash-cipher,0,1
elisp,raindrops,1,1
elisp,roman-numerals,0,1
elisp,perfect-numbers,0,1
elisp,etl,0,1
elisp,word-count,0,1
elisp,nucleotide-count,0,1
elisp,phone-number,0,1
elisp,grains,0,1
elisp,acronym,0,1
elisp,armstrong-numbers,0,1
elisp,run-length-encoding,0,1
haxe,hello-world,0,1
haxe,bob,0,1
haxe,leap,0,1
pony,hello-world,0,1
pony,difference-of-squares,0,1
pony,bob,0,1
pony,hamming,0,1
pony,leap,0,1
pony,anagram,0,1
pony,rna-transcription,0,1
pony,roman-numerals,0,2
pony,beer-song,0,1
pony,atbash-cipher,0,1
pony,pascals-triangle,0,1
lfe,leap,0,1
lfe,rna-transcription,0,1
lfe,bob,0,1
lfe,sum-of-multiples,0,1
lfe,strain,0,1
lfe,hamming,0,1
lfe,space-age,0,1
lfe,grains,0,1
lfe,anagram,0,1
lfe,nucleotide-count,0,1
lfe,atbash-cipher,0,1
lfe,phone-number,0,1
lfe,robot-simulator,0,1
lfe,grade-school,0,1
lfe,binary,0,1
lfe,word-count,0,1
lfe,circular-buffer,0,1
lfe,etl,0,1
lfe,clock,0,1
lfe,gigasecond,0,1
lfe,beer-song,0,1
lfe,difference-of-squares,0,1
lfe,allergies,0,1
lfe,bank-account,0,1
lfe,luhn,0,1
lfe,series,0,1
lfe,trinary,0,1
lfe,largest-series-product,0,1
lfe,meetup,0,1
lfe,parallel-letter-frequency,0,1
lfe,accumulate,0,0
racket,hello-world,0,1
racket,grains,0,1
racket,leap,0,1
racket,difference-of-squares,0,1
racket,perfect-numbers,0,1
racket,gigasecond,0,1
racket,bob,0,1
racket,collatz-conjecture,0,1
racket,hamming,0,1
racket,scrabble-score,0,1
racket,roman-numerals,0,1
racket,meetup,0,1
racket,anagram,0,1
racket,rna-transcription,0,1
racket,etl,0,1
racket,word-count,0,1
racket,phone-number,0,1
racket,nucleotide-count,0,1
racket,raindrops,0,1
racket,grep,0,1
racket,say,0,1
racket,allergies,0,1
racket,list-ops,0,1
racket,acronym,0,1
racket,accumulate,0,0
elm,hello-world,1,1
elm,bob,1,1
elm,difference-of-squares,0,1
elm,gigasecond,0,1
elm,leap,1,1
elm,rna-transcription,0,1
elm,space-age,1,1
elm,sum-of-multiples,1,1
elm,accumulate,1,2
elm,collatz-conjecture,0,2
elm,etl,0,2
elm,grade-school,1,2
elm,grains,0,2
elm,hamming,0,2
elm,nucleotide-count,0,2
elm,pangram,0,2
elm,raindrops,1,2
elm,binary-search,0,3
elm,isogram,0,3
elm,phone-number,0,3
elm,robot-simulator,1,3
elm,scrabble-score,0,3
elm,strain,0,3
elm,triangle,0,3
elm,acronym,0,4
elm,all-your-base,0,4
elm,allergies,1,4
elm,anagram,0,4
elm,largest-series-product,0,4
elm,list-ops,0,4
elm,pascals-triangle,0,4
elm,series,0,4
elm,twelve-days,0,4
elm,word-count,0,4
elm,atbash-cipher,0,5
elm,luhn,0,5
elm,roman-numerals,0,5
elm,run-length-encoding,0,5
elm,transpose,0,6
elm,bracket-push,0,7
elm,sublist,0,7
elm,say,0,8
kotlin,hello-world,1,1
kotlin,two-fer,1,2
kotlin,leap,0,2
kotlin,rna-transcription,0,2
kotlin,pangram,0,3
kotlin,hamming,1,3
kotlin,gigasecond,1,3
kotlin,space-age,0,3
kotlin,acronym,0,3
kotlin,scrabble-score,1,3
kotlin,raindrops,0,3
kotlin,difference-of-squares,1,3
kotlin,secret-handshake,1,3
kotlin,perfect-numbers,0,3
kotlin,sum-of-multiples,0,4
kotlin,luhn,0,4
kotlin,triangle,1,4
kotlin,largest-series-product,0,4
kotlin,grains,0,4
kotlin,sieve,0,4
kotlin,collatz-conjecture,0,4
kotlin,atbash-cipher,0,4
kotlin,nth-prime,0,4
kotlin,saddle-points,1,4
kotlin,diamond,0,4
kotlin,isogram,0,4
kotlin,flatten-array,1,5
kotlin,pig-latin,0,5
kotlin,phone-number,0,5
kotlin,nucleotide-count,0,5
kotlin,word-count,1,5
kotlin,spiral-matrix,0,5
kotlin,robot-name,1,5
kotlin,prime-factors,0,5
kotlin,allergies,0,5
kotlin,bob,0,5
kotlin,pascals-triangle,0,5
kotlin,bracket-push,0,5
kotlin,series,0,5
kotlin,rotational-cipher,1,5
kotlin,bank-account,1,6
kotlin,roman-numerals,0,6
kotlin,beer-song,0,6
kotlin,etl,0,6
kotlin,linked-list,1,6
kotlin,grade-school,0,6
kotlin,robot-simulator,0,6
kotlin,binary-search,1,6
kotlin,minesweeper,0,6
kotlin,all-your-base,0,6
kotlin,say,0,6
kotlin,anagram,0,7
kotlin,sublist,0,7
kotlin,meetup,0,7
kotlin,clock,0,7
kotlin,list-ops,0,8
kotlin,simple-cipher,0,8
kotlin,complex-numbers,0,8
kotlin,change,0,8
kotlin,forth,0,9
kotlin,react,0,10
kotlin,accumulate,0,0
kotlin,binary,0,0
kotlin,hexadecimal,0,0
kotlin,strain,0,0
crystal,hello-world,0,1
crystal,hamming,0,1
crystal,gigasecond,0,1
crystal,rna-transcription,0,1
crystal,bob,0,1
crystal,raindrops,0,1
crystal,leap,0,1
crystal,triangle,0,1
crystal,difference-of-squares,0,1
crystal,pangram,0,1
crystal,largest-series-product,0,1
crystal,bracket-push,0,1
crystal,sieve,0,1
crystal,roman-numerals,0,1
crystal,atbash-cipher,0,1
crystal,anagram,0,1
crystal,react,0,1
crystal,acronym,0,1
crystal,binary,0,1
crystal,binary-search-tree,0,1
crystal,run-length-encoding,0,1
crystal,pascals-triangle,0,1
crystal,forth,0,3
crystal,flatten-array,0,1
factor,hello-world,0,1
factor,leap,0,3
factor,two-fer,0,2
factor,isogram,0,1
idris,rna-transcription,0,1
idris,hello-world,0,1
idris,leap,0,1
idris,hamming,0,2
idris,accumulate,0,1
purescript,hello-world,0,1
purescript,leap,0,1
purescript,bob,0,1
purescript,raindrops,0,1
purescript,hamming,0,1
purescript,pangram,0,1
purescript,scrabble-score,0,1
purescript,accumulate,0,1
purescript,acronym,0,2
purescript,triangle,0,2
purescript,word-count,0,1
purescript,meetup,0,1
purescript,atbash-cipher,0,1
purescript,bracket-push,0,1
purescript,allergies,0,1
purescript,all-your-base,0,1
purescript,binary-search,0,1
purescript,difference-of-squares,0,1
purescript,diamond,0,1
purescript,crypto-square,0,1
purescript,isogram,0,1
purescript,etl,0,1
purescript,largest-series-product,0,1
purescript,pascals-triangle,0,1
purescript,collatz-conjecture,0,1
purescript,sum-of-multiples,0,1
purescript,rna-transcription,0,1
purescript,phone-number,0,1
ceylon,leap,0,1
ceylon,hamming,0,2
ceylon,sieve,0,3
ceylon,rna-transcription,0,3
ceylon,anagram,0,4
ceylon,largest-series-product,0,4
ceylon,bracket-push,0,6
ceylon,react,0,10
mips,binary,1,1
mips,octal,0,1
mips,trinary,0,1
mips,hexadecimal,0,1
mips,leap,1,1
mips,difference-of-squares,1,1
mips,hamming,1,3
mips,rna-transcription,0,3
mips,isogram,0,3
mips,triangle,1,2
mips,atbash-cipher,1,4
mips,scrabble-score,1,5
mips,raindrops,1,5
mips,nth-prime,1,7
delphi,hello-world,1,1
delphi,two-fer,1,1
delphi,reverse-string,0,1
delphi,bob,1,1
delphi,leap,1,1
delphi,space-age,0,1
delphi,difference-of-squares,0,1
delphi,isbn-verifier,0,4
delphi,rna-transcription,0,1
delphi,raindrops,1,2
delphi,hamming,0,1
delphi,bank-account,0,2
delphi,nucleotide-count,1,2
delphi,etl,0,2
delphi,grains,0,2
delphi,pangram,0,2
delphi,grade-school,1,2
delphi,collatz-conjecture,1,2
delphi,armstrong-numbers,0,2
delphi,beer-song,0,3
delphi,isogram,0,3
delphi,phone-number,0,3
delphi,proverb,0,3
delphi,secret-handshake,0,3
delphi,perfect-numbers,0,3
delphi,binary-search,1,3
delphi,clock,1,3
delphi,triangle,0,3
delphi,allergies,1,4
delphi,saddle-points,1,4
delphi,anagram,0,4
delphi,word-count,0,4
delphi,circular-buffer,1,5
delphi,minesweeper,1,5
delphi,bracket-push,0,5
delphi,roman-numerals,1,5
delphi,bowling,0,6
delphi,pig-latin,0,6
delphi,book-store,1,6
delphi,wordy,0,7
delphi,poker,0,7
prolog,hello-world,0,1
prolog,complex-numbers,0,1
prolog,sum-of-multiples,0,1
prolog,binary,0,1
prolog,leap,0,1
prolog,triangle,0,1
prolog,space-age,0,1
prolog,grains,0,1
prolog,nucleotide-count,0,1
prolog,isogram,0,1
prolog,hamming,0,1
prolog,anagram,0,1
prolog,rna-transcription,0,1
prolog,queen-attack,0,1
prolog,pascals-triangle,0,1
prolog,dominoes,0,1
julia,hello-world,1,1
julia,leap,1,1
julia,nucleotide-count,1,1
julia,hamming,0,1
julia,rna-transcription,0,1
julia,bob,0,2
julia,run-length-encoding,0,1
julia,pangram,1,1
julia,anagram,0,2
julia,rotational-cipher,1,2
julia,atbash-cipher,0,1
julia,difference-of-squares,1,1
julia,pascals-triangle,0,1
julia,raindrops,1,1
julia,scrabble-score,0,1
julia,word-count,0,1
julia,luhn,0,1
julia,roman-numerals,0,1
julia,isogram,0,1
julia,etl,0,2
julia,collatz-conjecture,0,2
julia,sieve,0,2
julia,trinary,0,2
julia,secret-handshake,1,2
julia,phone-number,0,1
julia,triangle,0,1
julia,transpose,0,2
julia,robot-name,1,5
julia,gigasecond,0,1
julia,robot-simulator,0,6
julia,complex-numbers,1,10
julia,custom-set,1,8
julia,grains,0,1
julia,spiral-matrix,0,3
julia,isbn-verifier,0,5
typescript,hello-world,1,1
typescript,two-fer,0,1
typescript,leap,1,1
typescript,simple-cipher,1,1
typescript,armstrong-numbers,0,2
typescript,run-length-encoding,0,2
typescript,reverse-string,0,2
typescript,rna-transcription,1,2
typescript,bob,1,2
typescript,protein-translation,0,2
typescript,pangram,1,3
typescript,isogram,0,3
typescript,space-age,1,3
typescript,perfect-numbers,0,3
typescript,roman-numerals,0,3
typescript,diffie-hellman,0,3
typescript,strain,0,4
typescript,twelve-days,0,4
typescript,prime-factors,1,4
typescript,matrix,1,4
typescript,saddle-points,0,4
typescript,nucleotide-count,0,4
typescript,pig-latin,0,4
typescript,luhn,0,4
typescript,transpose,0,4
typescript,isbn-verifier,0,4
typescript,proverb,0,4
typescript,complex-numbers,0,4
typescript,house,0,4
typescript,rectangles,0,4
typescript,spiral-matrix,0,4
typescript,nth-prime,0,5
typescript,sum-of-multiples,0,5
typescript,linked-list,1,5
typescript,bracket-push,0,5
typescript,flatten-array,0,5
typescript,grains,0,5
typescript,sieve,0,5
typescript,sublist,0,5
typescript,accumulate,0,5
typescript,all-your-base,0,5
typescript,secret-handshake,1,6
typescript,allergies,0,6
typescript,binary-search-tree,0,6
typescript,robot-name,1,6
typescript,grade-school,1,6
typescript,custom-set,0,6
typescript,wordy,1,7
typescript,minesweeper,0,7
typescript,connect,0,7
typescript,palindrome-products,0,7
typescript,circular-buffer,0,8
typescript,list-ops,1,8
typescript,bowling,0,8
typescript,queen-attack,0,8
typescript,crypto-square,0,9
typescript,gigasecond,0,3
typescript,series,0,3
typescript,difference-of-squares,0,3
typescript,word-count,0,1
typescript,raindrops,0,2
typescript,etl,0,2
typescript,hamming,0,3
typescript,scrabble-score,0,5
typescript,acronym,0,2
typescript,anagram,0,2
typescript,phone-number,0,5
typescript,beer-song,0,5
typescript,say,0,6
typescript,food-chain,0,4
typescript,clock,1,3
typescript,triangle,0,3
typescript,collatz-conjecture,0,4
typescript,pascals-triangle,1,5
typescript,rational-numbers,1,5
typescript,binary-search,1,5
typescript,rotational-cipher,0,4
typescript,largest-series-product,0,7
typescript,kindergarten-garden,0,7
typescript,robot-simulator,0,5
typescript,pythagorean-triplet,0,5
typescript,ocr-numbers,0,5
typescript,diamond,0,5
typescript,two-bucket,0,6
typescript,variable-length-quantity,0,6
typescript,atbash-cipher,1,7
vimscript,hello-world,0,1
vimscript,leap,0,1
vimscript,hamming,0,1
vimscript,bob,0,1
vimscript,rna-transcription,0,1
vimscript,anagram,0,1
vimscript,difference-of-squares,0,1
vimscript,raindrops,0,1
vimscript,word-count,0,1
vimscript,atbash-cipher,0,1
vimscript,roman-numerals,0,1
vimscript,phone-number,0,1
vimscript,nucleotide-count,0,1
vimscript,allergies,0,1
vimscript,scrabble-score,0,1
vimscript,triangle,0,1
vimscript,etl,0,1
vimscript,beer-song,0,1
vimscript,largest-series-product,0,1
vimscript,pangram,0,1
coq,hello-world,0,1
coq,rna-transcription,0,1
coq,tautology,0,1
fortran,hello-world,0,1
fortran,bob,0,1
fortran,hamming,0,1
fortran,rna-transcription,0,1
fortran,raindrops,0,1
fortran,difference-of-squares,0,1
fortran,pangram,0,1
dart,hello-world,1,1
dart,leap,1,1
dart,scrabble-score,1,1
dart,armstrong-numbers,1,1
dart,difference-of-squares,1,2
dart,word-count,1,2
dart,bob,1,2
dart,space-age,1,2
dart,hamming,1,2
dart,acronym,0,2
dart,phone-number,0,2
dart,gigasecond,1,3
dart,raindrops,1,2
dart,rna-transcription,1,3
dart,anagram,1,1
gnu-apl,hello-world,1,1
gnu-apl,leap,1,1
gnu-apl,hamming,1,1
gnu-apl,rna-transcription,1,1
gnu-apl,raindrops,1,1
gnu-apl,difference-of-squares,1,1
gnu-apl,pangram,1,1
reasonml,hello-world,1,1
reasonml,leap,1,1
reasonml,space-age,0,2
reasonml,bob,1,2
reasonml,rna-transcription,1,2
reasonml,word-count,1,2
reasonml,raindrops,0,2
reasonml,armstrong-numbers,0,2
reasonml,anagram,0,3
reasonml,pangram,0,3
reasonml,isogram,0,3
reasonml,phone-number,1,3
reasonml,roman-numerals,0,3
reasonml,binary-search,1,4
reasonml,run-length-encoding,1,5
reasonml,minesweeper,0,5
reasonml,change,0,5
reasonml,acronym,0,2
reasonml,all-your-base,0,2
reasonml,accumulate,0,2
reasonml,allergies,0,4
reasonml,protein-translation,0,4
pharo,hello-world,1,1
pharo,two-fer,0,1
pharo,reverse-string,1,1
pharo,acronym,0,1
pharo,leap,1,1
pharo,sum-of-multiples,1,1
ballerina,hello-world,1,1
ballerina,hello-world-service,1,1
ballerina,greeting-service,1,1
ballerina,service-invocation,1,1
ballerina,legacy-service-client,1,2
ballerina,calculator-service,1,2
ballerina,order-management,1,3
